<?xml version='1.0' encoding='utf-8'?><Fields><CommonDetails Id='1'><Property><PropertyId>9998</PropertyId><PropertyType>0</PropertyType><PropertyName>Height</PropertyName><PropertyValue>75</PropertyValue></Property><Property><PropertyId>9999</PropertyId><PropertyType>0</PropertyType><PropertyName>Width</PropertyName><PropertyValue>250</PropertyValue></Property><Property><PropertyId>206</PropertyId><PropertyType>0</PropertyType><PropertyName>Version</PropertyName><PropertyValue>3</PropertyValue></Property><Property><PropertyId>8201</PropertyId><PropertyType>4</PropertyType><PropertyName>Included Interfaces</PropertyName><PropertyValue></PropertyValue></Property><Property><PropertyId>8200</PropertyId><PropertyType>4</PropertyType><PropertyName>Exe File</PropertyName><PropertyValue>SampleApp_1.exe</PropertyValue></Property><Property><PropertyId>8000</PropertyId><PropertyType>4</PropertyType><PropertyName>Title</PropertyName><PropertyValue>SDK SAMPLE 2</PropertyValue></Property><Property><PropertyId>0</PropertyId><PropertyType>0</PropertyType><PropertyName>Field Type</PropertyName><PropertyValue>4</PropertyValue></Property></CommonDetails><Field Id='1'><Property><PropertyId>207</PropertyId><PropertyType>0</PropertyType><PropertyName>Load Factor</PropertyName><PropertyValue>2</PropertyValue></Property><Property><PropertyId>206</PropertyId><PropertyType>0</PropertyType><PropertyName>Version</PropertyName><PropertyValue>21</PropertyValue></Property><Property><PropertyId>8201</PropertyId><PropertyType>4</PropertyType><PropertyName>Included Interfaces</PropertyName><PropertyValue></PropertyValue></Property><Property><PropertyId>204</PropertyId><PropertyType>0</PropertyType><PropertyName>Maximum Instance Count</PropertyName><PropertyValue>-1</PropertyValue></Property><Property><PropertyId>7</PropertyId><PropertyType>0</PropertyType><PropertyName>Title Justify</PropertyName><PropertyValue>-1</PropertyValue></Property><Property><PropertyId>6</PropertyId><PropertyType>0</PropertyType><PropertyName>Title Width</PropertyName><PropertyValue>90</PropertyValue></Property><Property><PropertyId>8000</PropertyId><PropertyType>4</PropertyType><PropertyName>Title</PropertyName><PropertyValue>First String</PropertyValue></Property><Property><PropertyId>3</PropertyId><PropertyType>0</PropertyType><PropertyName>Width</PropertyName><PropertyValue>232</PropertyValue></Property><Property><PropertyId>2</PropertyId><PropertyType>0</PropertyType><PropertyName>Top</PropertyName><PropertyValue>10</PropertyValue></Property><Property><PropertyId>1</PropertyId><PropertyType>0</PropertyType><PropertyName>Left</PropertyName><PropertyValue>9</PropertyValue></Property><Property><PropertyId>24</PropertyId><PropertyType>0</PropertyType><PropertyName>Field Order</PropertyName><PropertyValue>20</PropertyValue></Property><Property><PropertyId>0</PropertyId><PropertyType>0</PropertyType><PropertyName>Field Type</PropertyName><PropertyValue>13</PropertyValue></Property></Field><Field Id='2'><Property><PropertyId>207</PropertyId><PropertyType>0</PropertyType><PropertyName>Load Factor</PropertyName><PropertyValue>2</PropertyValue></Property><Property><PropertyId>206</PropertyId><PropertyType>0</PropertyType><PropertyName>Version</PropertyName><PropertyValue>21</PropertyValue></Property><Property><PropertyId>8201</PropertyId><PropertyType>4</PropertyType><PropertyName>Included Interfaces</PropertyName><PropertyValue></PropertyValue></Property><Property><PropertyId>204</PropertyId><PropertyType>0</PropertyType><PropertyName>Maximum Instance Count</PropertyName><PropertyValue>-1</PropertyValue></Property><Property><PropertyId>7</PropertyId><PropertyType>0</PropertyType><PropertyName>Title Justify</PropertyName><PropertyValue>-1</PropertyValue></Property><Property><PropertyId>6</PropertyId><PropertyType>0</PropertyType><PropertyName>Title Width</PropertyName><PropertyValue>90</PropertyValue></Property><Property><PropertyId>8000</PropertyId><PropertyType>4</PropertyType><PropertyName>Title</PropertyName><PropertyValue>Second String</PropertyValue></Property><Property><PropertyId>3</PropertyId><PropertyType>0</PropertyType><PropertyName>Width</PropertyName><PropertyValue>232</PropertyValue></Property><Property><PropertyId>2</PropertyId><PropertyType>0</PropertyType><PropertyName>Top</PropertyName><PropertyValue>29</PropertyValue></Property><Property><PropertyId>1</PropertyId><PropertyType>0</PropertyType><PropertyName>Left</PropertyName><PropertyValue>9</PropertyValue></Property><Property><PropertyId>24</PropertyId><PropertyType>0</PropertyType><PropertyName>Field Order</PropertyName><PropertyValue>30</PropertyValue></Property><Property><PropertyId>0</PropertyId><PropertyType>0</PropertyType><PropertyName>Field Type</PropertyName><PropertyValue>13</PropertyValue></Property></Field><Field Id='3'><Property><PropertyId>207</PropertyId><PropertyType>0</PropertyType><PropertyName>Load Factor</PropertyName><PropertyValue>2</PropertyValue></Property><Property><PropertyId>206</PropertyId><PropertyType>0</PropertyType><PropertyName>Version</PropertyName><PropertyValue>21</PropertyValue></Property><Property><PropertyId>8201</PropertyId><PropertyType>4</PropertyType><PropertyName>Included Interfaces</PropertyName><PropertyValue></PropertyValue></Property><Property><PropertyId>204</PropertyId><PropertyType>0</PropertyType><PropertyName>Maximum Instance Count</PropertyName><PropertyValue>-1</PropertyValue></Property><Property><PropertyId>7</PropertyId><PropertyType>0</PropertyType><PropertyName>Title Justify</PropertyName><PropertyValue>0</PropertyValue></Property><Property><PropertyId>3</PropertyId><PropertyType>0</PropertyType><PropertyName>Width</PropertyName><PropertyValue>232</PropertyValue></Property><Property><PropertyId>2</PropertyId><PropertyType>0</PropertyType><PropertyName>Top</PropertyName><PropertyValue>49</PropertyValue></Property><Property><PropertyId>1</PropertyId><PropertyType>0</PropertyType><PropertyName>Left</PropertyName><PropertyValue>9</PropertyValue></Property><Property><PropertyId>9</PropertyId><PropertyType>0</PropertyType><PropertyName>Enabled</PropertyName><PropertyValue>0</PropertyValue></Property><Property><PropertyId>24</PropertyId><PropertyType>0</PropertyType><PropertyName>Field Order</PropertyName><PropertyValue>40</PropertyValue></Property><Property><PropertyId>0</PropertyId><PropertyType>0</PropertyType><PropertyName>Field Type</PropertyName><PropertyValue>13</PropertyValue></Property></Field><Field Id='99999993'><Property><PropertyId>207</PropertyId><PropertyType>0</PropertyType><PropertyName>Load Factor</PropertyName><PropertyValue>2</PropertyValue></Property><Property><PropertyId>206</PropertyId><PropertyType>0</PropertyType><PropertyName>Version</PropertyName><PropertyValue>1</PropertyValue></Property><Property><PropertyId>8201</PropertyId><PropertyType>4</PropertyType><PropertyName>Included Interfaces</PropertyName><PropertyValue></PropertyValue></Property><Property><PropertyId>204</PropertyId><PropertyType>0</PropertyType><PropertyName>Maximum Instance Count</PropertyName><PropertyValue>-1</PropertyValue></Property><Property><PropertyId>8</PropertyId><PropertyType>0</PropertyType><PropertyName>Visible</PropertyName><PropertyValue>0</PropertyValue></Property><Property><PropertyId>24</PropertyId><PropertyType>0</PropertyType><PropertyName>Field Order</PropertyName><PropertyValue>10</PropertyValue></Property><Property><PropertyId>0</PropertyId><PropertyType>0</PropertyType><PropertyName>Field Type</PropertyName><PropertyValue>13</PropertyValue></Property></Field></Fields>