<?xml version='1.0' encoding='utf-8'?><Fields><CommonDetails Id='1'><Property><PropertyId>9998</PropertyId><PropertyType>0</PropertyType><PropertyName>Height</PropertyName><PropertyValue>271</PropertyValue></Property><Property><PropertyId>9999</PropertyId><PropertyType>0</PropertyType><PropertyName>Width</PropertyName><PropertyValue>708</PropertyValue></Property><Property><PropertyId>8202</PropertyId><PropertyType>4</PropertyType><PropertyName>Systems</PropertyName><PropertyValue>+Dev;I:TTNewYork;I:TTLondon;I:Online</PropertyValue></Property><Property><PropertyId>207</PropertyId><PropertyType>0</PropertyType><PropertyName>Load Factor</PropertyName><PropertyValue>2</PropertyValue></Property><Property><PropertyId>206</PropertyId><PropertyType>0</PropertyType><PropertyName>Version</PropertyName><PropertyValue>88</PropertyValue></Property><Property><PropertyId>8201</PropertyId><PropertyType>4</PropertyType><PropertyName>Included Interfaces</PropertyName><PropertyValue></PropertyValue></Property><Property><PropertyId>43</PropertyId><PropertyType>0</PropertyType><PropertyName>Category</PropertyName><PropertyValue>8</PropertyValue></Property><Property><PropertyId>204</PropertyId><PropertyType>0</PropertyType><PropertyName>Maximum Instance Count</PropertyName><PropertyValue>;h:1</PropertyValue></Property><Property><PropertyId>203</PropertyId><PropertyType>0</PropertyType><PropertyName>Deferred Delete Time</PropertyName><PropertyValue>2</PropertyValue></Property><Property><PropertyId>8200</PropertyId><PropertyType>4</PropertyType><PropertyName>Exe File</PropertyName><PropertyValue>BondYieldCalcFinApp.exe</PropertyValue></Property><Property><PropertyId>19</PropertyId><PropertyType>0</PropertyType><PropertyName>Title Back Color</PropertyName><PropertyValue>76</PropertyValue></Property><Property><PropertyId>18</PropertyId><PropertyType>0</PropertyType><PropertyName>Title Fore Color</PropertyName><PropertyValue>84</PropertyValue></Property><Property><PropertyId>8000</PropertyId><PropertyType>4</PropertyType><PropertyName>Title</PropertyName><PropertyValue>Bond Yield Calculator</PropertyValue></Property><Property><PropertyId>0</PropertyId><PropertyType>0</PropertyType><PropertyName>Field Type</PropertyName><PropertyValue>4</PropertyValue></Property></CommonDetails><Field Id='1'><Property><PropertyId>207</PropertyId><PropertyType>0</PropertyType><PropertyName>Load Factor</PropertyName><PropertyValue>2</PropertyValue></Property><Property><PropertyId>206</PropertyId><PropertyType>0</PropertyType><PropertyName>Version</PropertyName><PropertyValue>85</PropertyValue></Property><Property><PropertyId>8201</PropertyId><PropertyType>4</PropertyType><PropertyName>Included Interfaces</PropertyName><PropertyValue></PropertyValue></Property><Property><PropertyId>6</PropertyId><PropertyType>0</PropertyType><PropertyName>Title Width</PropertyName><PropertyValue>70</PropertyValue></Property><Property><PropertyId>8000</PropertyId><PropertyType>4</PropertyType><PropertyName>Title</PropertyName><PropertyValue>Currency</PropertyValue></Property><Property><PropertyId>3</PropertyId><PropertyType>0</PropertyType><PropertyName>Width</PropertyName><PropertyValue>130</PropertyValue></Property><Property><PropertyId>2</PropertyId><PropertyType>0</PropertyType><PropertyName>Top</PropertyName><PropertyValue>4</PropertyValue></Property><Property><PropertyId>1</PropertyId><PropertyType>0</PropertyType><PropertyName>Left</PropertyName><PropertyValue>2</PropertyValue></Property><Property><PropertyId>11</PropertyId><PropertyType>0</PropertyType><PropertyName>Format</PropertyName><PropertyValue>2</PropertyValue></Property><Property><PropertyId>10</PropertyId><PropertyType>0</PropertyType><PropertyName>Manual</PropertyName><PropertyValue>1</PropertyValue></Property><Property><PropertyId>22</PropertyId><PropertyType>0</PropertyType><PropertyName>Value ;l:Integer;r:</PropertyName><PropertyValue>121</PropertyValue></Property><Property><PropertyId>24</PropertyId><PropertyType>0</PropertyType><PropertyName>Field Order</PropertyName><PropertyValue>10</PropertyValue></Property><Property><PropertyId>0</PropertyId><PropertyType>0</PropertyType><PropertyName>Field Type</PropertyName><PropertyValue>50</PropertyValue></Property></Field><Field Id='2'><Property><PropertyId>207</PropertyId><PropertyType>0</PropertyType><PropertyName>Load Factor</PropertyName><PropertyValue>2</PropertyValue></Property><Property><PropertyId>206</PropertyId><PropertyType>0</PropertyType><PropertyName>Version</PropertyName><PropertyValue>55</PropertyValue></Property><Property><PropertyId>8201</PropertyId><PropertyType>4</PropertyType><PropertyName>Included Interfaces</PropertyName><PropertyValue></PropertyValue></Property><Property><PropertyId>204</PropertyId><PropertyType>0</PropertyType><PropertyName>Maximum Instance Count</PropertyName><PropertyValue>;h:1</PropertyValue></Property><Property><PropertyId>8000</PropertyId><PropertyType>4</PropertyType><PropertyName>Title</PropertyName><PropertyValue>userid</PropertyValue></Property><Property><PropertyId>2</PropertyId><PropertyType>0</PropertyType><PropertyName>Top</PropertyName><PropertyValue>74</PropertyValue></Property><Property><PropertyId>1</PropertyId><PropertyType>0</PropertyType><PropertyName>Left</PropertyName><PropertyValue>214</PropertyValue></Property><Property><PropertyId>8</PropertyId><PropertyType>0</PropertyType><PropertyName>Visible</PropertyName><PropertyValue>0</PropertyValue></Property><Property><PropertyId>61</PropertyId><PropertyType>0</PropertyType><PropertyName>Validity Check</PropertyName><PropertyValue>1</PropertyValue></Property><Property><PropertyId>24</PropertyId><PropertyType>0</PropertyType><PropertyName>Field Order</PropertyName><PropertyValue>400</PropertyValue></Property><Property><PropertyId>0</PropertyId><PropertyType>0</PropertyType><PropertyName>Field Type</PropertyName><PropertyValue>13</PropertyValue></Property></Field><Field Id='3'><Property><PropertyId>34</PropertyId><PropertyType>0</PropertyType><PropertyName>Action Group 1</PropertyName><PropertyValue>1</PropertyValue></Property><Property><PropertyId>28</PropertyId><PropertyType>0</PropertyType><PropertyName>Action Type</PropertyName><PropertyValue>10</PropertyValue></Property><Property><PropertyId>206</PropertyId><PropertyType>0</PropertyType><PropertyName>Version</PropertyName><PropertyValue>85</PropertyValue></Property><Property><PropertyId>8201</PropertyId><PropertyType>4</PropertyType><PropertyName>Included Interfaces</PropertyName><PropertyValue></PropertyValue></Property><Property><PropertyId>8003</PropertyId><PropertyType>4</PropertyType><PropertyName>List Data</PropertyName><PropertyValue>Yld ;l:2 Dec;r:;e:1202;I:Yld ;l:3 Dec;r:;I:Yld ;l:4 Dec;r:;e:1004;I:Yld ;l:5 Dec;r:;I:Yld ;l:6 Dec;r:;I:Yld ;l:7 Dec;r:</PropertyValue></Property><Property><PropertyId>7</PropertyId><PropertyType>0</PropertyType><PropertyName>Title Justify</PropertyName><PropertyValue>;h:1</PropertyValue></Property><Property><PropertyId>3</PropertyId><PropertyType>0</PropertyType><PropertyName>Width</PropertyName><PropertyValue>68</PropertyValue></Property><Property><PropertyId>2</PropertyId><PropertyType>0</PropertyType><PropertyName>Top</PropertyName><PropertyValue>111</PropertyValue></Property><Property><PropertyId>1</PropertyId><PropertyType>0</PropertyType><PropertyName>Left</PropertyName><PropertyValue>2</PropertyValue></Property><Property><PropertyId>22</PropertyId><PropertyType>0</PropertyType><PropertyName>Value ;l:Integer;r:</PropertyName><PropertyValue>1005</PropertyValue></Property><Property><PropertyId>24</PropertyId><PropertyType>0</PropertyType><PropertyName>Field Order</PropertyName><PropertyValue>390</PropertyValue></Property><Property><PropertyId>0</PropertyId><PropertyType>0</PropertyType><PropertyName>Field Type</PropertyName><PropertyValue>20</PropertyValue></Property></Field><Field Id='4'><Property><PropertyId>206</PropertyId><PropertyType>0</PropertyType><PropertyName>Version</PropertyName><PropertyValue>78</PropertyValue></Property><Property><PropertyId>8201</PropertyId><PropertyType>4</PropertyType><PropertyName>Included Interfaces</PropertyName><PropertyValue></PropertyValue></Property><Property><PropertyId>8003</PropertyId><PropertyType>4</PropertyType><PropertyName>List Data</PropertyName><PropertyValue>Details</PropertyValue></Property><Property><PropertyId>8000</PropertyId><PropertyType>4</PropertyType><PropertyName>Title</PropertyName><PropertyValue>Details</PropertyValue></Property><Property><PropertyId>4</PropertyId><PropertyType>0</PropertyType><PropertyName>Height</PropertyName><PropertyValue>18</PropertyValue></Property><Property><PropertyId>3</PropertyId><PropertyType>0</PropertyType><PropertyName>Width</PropertyName><PropertyValue>60</PropertyValue></Property><Property><PropertyId>2</PropertyId><PropertyType>0</PropertyType><PropertyName>Top</PropertyName><PropertyValue>2</PropertyValue></Property><Property><PropertyId>1</PropertyId><PropertyType>0</PropertyType><PropertyName>Left</PropertyName><PropertyValue>133</PropertyValue></Property><Property><PropertyId>24</PropertyId><PropertyType>0</PropertyType><PropertyName>Field Order</PropertyName><PropertyValue>370</PropertyValue></Property><Property><PropertyId>0</PropertyId><PropertyType>0</PropertyType><PropertyName>Field Type</PropertyName><PropertyValue>35</PropertyValue></Property></Field><Field Id='5'><Property><PropertyId>35</PropertyId><PropertyType>0</PropertyType><PropertyName>Action Group 2</PropertyName><PropertyValue>1</PropertyValue></Property><Property><PropertyId>28</PropertyId><PropertyType>0</PropertyType><PropertyName>Action Type</PropertyName><PropertyValue>4</PropertyValue></Property><Property><PropertyId>206</PropertyId><PropertyType>0</PropertyType><PropertyName>Version</PropertyName><PropertyValue>78</PropertyValue></Property><Property><PropertyId>8201</PropertyId><PropertyType>4</PropertyType><PropertyName>Included Interfaces</PropertyName><PropertyValue></PropertyValue></Property><Property><PropertyId>8003</PropertyId><PropertyType>4</PropertyType><PropertyName>List Data</PropertyName><PropertyValue>\;e:&gt;Show;I:&lt;\;e:Hide</PropertyValue></Property><Property><PropertyId>4</PropertyId><PropertyType>0</PropertyType><PropertyName>Height</PropertyName><PropertyValue>16</PropertyValue></Property><Property><PropertyId>3</PropertyId><PropertyType>0</PropertyType><PropertyName>Width</PropertyName><PropertyValue>65</PropertyValue></Property><Property><PropertyId>2</PropertyId><PropertyType>0</PropertyType><PropertyName>Top</PropertyName><PropertyValue>77</PropertyValue></Property><Property><PropertyId>1</PropertyId><PropertyType>0</PropertyType><PropertyName>Left</PropertyName><PropertyValue>3</PropertyValue></Property><Property><PropertyId>24</PropertyId><PropertyType>0</PropertyType><PropertyName>Field Order</PropertyName><PropertyValue>380</PropertyValue></Property><Property><PropertyId>0</PropertyId><PropertyType>0</PropertyType><PropertyName>Field Type</PropertyName><PropertyValue>22</PropertyValue></Property></Field><Field Id='6'><Property><PropertyId>26</PropertyId><PropertyType>0</PropertyType><PropertyName>Group 2</PropertyName><PropertyValue>1</PropertyValue></Property><Property><PropertyId>207</PropertyId><PropertyType>0</PropertyType><PropertyName>Load Factor</PropertyName><PropertyValue>2</PropertyValue></Property><Property><PropertyId>206</PropertyId><PropertyType>0</PropertyType><PropertyName>Version</PropertyName><PropertyValue>44</PropertyValue></Property><Property><PropertyId>8201</PropertyId><PropertyType>4</PropertyType><PropertyName>Included Interfaces</PropertyName><PropertyValue></PropertyValue></Property><Property><PropertyId>204</PropertyId><PropertyType>0</PropertyType><PropertyName>Maximum Instance Count</PropertyName><PropertyValue>;h:1</PropertyValue></Property><Property><PropertyId>8003</PropertyId><PropertyType>4</PropertyType><PropertyName>List Data</PropertyName><PropertyValue>\;e:&gt; CTD Bond Selection</PropertyValue></Property><Property><PropertyId>8000</PropertyId><PropertyType>4</PropertyType><PropertyName>Title</PropertyName><PropertyValue>\;e:&gt; CTD Bond Selection</PropertyValue></Property><Property><PropertyId>4</PropertyId><PropertyType>0</PropertyType><PropertyName>Height</PropertyName><PropertyValue>21</PropertyValue></Property><Property><PropertyId>3</PropertyId><PropertyType>0</PropertyType><PropertyName>Width</PropertyName><PropertyValue>146</PropertyValue></Property><Property><PropertyId>2</PropertyId><PropertyType>0</PropertyType><PropertyName>Top</PropertyName><PropertyValue>248</PropertyValue></Property><Property><PropertyId>1</PropertyId><PropertyType>0</PropertyType><PropertyName>Left</PropertyName><PropertyValue>70</PropertyValue></Property><Property><PropertyId>24</PropertyId><PropertyType>0</PropertyType><PropertyName>Field Order</PropertyName><PropertyValue>430</PropertyValue></Property><Property><PropertyId>0</PropertyId><PropertyType>0</PropertyType><PropertyName>Field Type</PropertyName><PropertyValue>26</PropertyValue></Property></Field><Field Id='46'><Property><PropertyId>26</PropertyId><PropertyType>0</PropertyType><PropertyName>Group 2</PropertyName><PropertyValue>1</PropertyValue></Property><Property><PropertyId>207</PropertyId><PropertyType>0</PropertyType><PropertyName>Load Factor</PropertyName><PropertyValue>2</PropertyValue></Property><Property><PropertyId>206</PropertyId><PropertyType>0</PropertyType><PropertyName>Version</PropertyName><PropertyValue>85</PropertyValue></Property><Property><PropertyId>8201</PropertyId><PropertyType>4</PropertyType><PropertyName>Included Interfaces</PropertyName><PropertyValue></PropertyValue></Property><Property><PropertyId>7</PropertyId><PropertyType>0</PropertyType><PropertyName>Title Justify</PropertyName><PropertyValue>1</PropertyValue></Property><Property><PropertyId>8000</PropertyId><PropertyType>4</PropertyType><PropertyName>Title</PropertyName><PropertyValue>YV</PropertyValue></Property><Property><PropertyId>4</PropertyId><PropertyType>0</PropertyType><PropertyName>Height</PropertyName><PropertyValue>16</PropertyValue></Property><Property><PropertyId>3</PropertyId><PropertyType>0</PropertyType><PropertyName>Width</PropertyName><PropertyValue>22</PropertyValue></Property><Property><PropertyId>2</PropertyId><PropertyType>0</PropertyType><PropertyName>Top</PropertyName><PropertyValue>230</PropertyValue></Property><Property><PropertyId>1</PropertyId><PropertyType>0</PropertyType><PropertyName>Left</PropertyName><PropertyValue>5</PropertyValue></Property><Property><PropertyId>24</PropertyId><PropertyType>0</PropertyType><PropertyName>Field Order</PropertyName><PropertyValue>150</PropertyValue></Property><Property><PropertyId>0</PropertyId><PropertyType>0</PropertyType><PropertyName>Field Type</PropertyName><PropertyValue>0</PropertyValue></Property></Field><Field Id='100'><Property><PropertyId>207</PropertyId><PropertyType>0</PropertyType><PropertyName>Load Factor</PropertyName><PropertyValue>2</PropertyValue></Property><Property><PropertyId>206</PropertyId><PropertyType>0</PropertyType><PropertyName>Version</PropertyName><PropertyValue>85</PropertyValue></Property><Property><PropertyId>8201</PropertyId><PropertyType>4</PropertyType><PropertyName>Included Interfaces</PropertyName><PropertyValue></PropertyValue></Property><Property><PropertyId>8003</PropertyId><PropertyType>4</PropertyType><PropertyName>List Data</PropertyName><PropertyValue></PropertyValue></Property><Property><PropertyId>6</PropertyId><PropertyType>0</PropertyType><PropertyName>Title Width</PropertyName><PropertyValue>70</PropertyValue></Property><Property><PropertyId>8000</PropertyId><PropertyType>4</PropertyType><PropertyName>Title</PropertyName><PropertyValue>Selection</PropertyValue></Property><Property><PropertyId>3</PropertyId><PropertyType>0</PropertyType><PropertyName>Width</PropertyName><PropertyValue>213</PropertyValue></Property><Property><PropertyId>2</PropertyId><PropertyType>0</PropertyType><PropertyName>Top</PropertyName><PropertyValue>23</PropertyValue></Property><Property><PropertyId>1</PropertyId><PropertyType>0</PropertyType><PropertyName>Left</PropertyName><PropertyValue>2</PropertyValue></Property><Property><PropertyId>24</PropertyId><PropertyType>0</PropertyType><PropertyName>Field Order</PropertyName><PropertyValue>30</PropertyValue></Property><Property><PropertyId>0</PropertyId><PropertyType>0</PropertyType><PropertyName>Field Type</PropertyName><PropertyValue>20</PropertyValue></Property></Field><Field Id='101'><Property><PropertyId>206</PropertyId><PropertyType>0</PropertyType><PropertyName>Version</PropertyName><PropertyValue>44</PropertyValue></Property><Property><PropertyId>8201</PropertyId><PropertyType>4</PropertyType><PropertyName>Included Interfaces</PropertyName><PropertyValue></PropertyValue></Property><Property><PropertyId>8003</PropertyId><PropertyType>4</PropertyType><PropertyName>List Data</PropertyName><PropertyValue></PropertyValue></Property><Property><PropertyId>6</PropertyId><PropertyType>0</PropertyType><PropertyName>Title Width</PropertyName><PropertyValue>70</PropertyValue></Property><Property><PropertyId>8000</PropertyId><PropertyType>4</PropertyType><PropertyName>Title</PropertyName><PropertyValue>Selection</PropertyValue></Property><Property><PropertyId>3</PropertyId><PropertyType>0</PropertyType><PropertyName>Width</PropertyName><PropertyValue>213</PropertyValue></Property><Property><PropertyId>2</PropertyId><PropertyType>0</PropertyType><PropertyName>Top</PropertyName><PropertyValue>23</PropertyValue></Property><Property><PropertyId>1</PropertyId><PropertyType>0</PropertyType><PropertyName>Left</PropertyName><PropertyValue>266</PropertyValue></Property><Property><PropertyId>8</PropertyId><PropertyType>0</PropertyType><PropertyName>Visible</PropertyName><PropertyValue>0</PropertyValue></Property><Property><PropertyId>24</PropertyId><PropertyType>0</PropertyType><PropertyName>Field Order</PropertyName><PropertyValue>450</PropertyValue></Property><Property><PropertyId>0</PropertyId><PropertyType>0</PropertyType><PropertyName>Field Type</PropertyName><PropertyValue>20</PropertyValue></Property></Field><Field Id='102'><Property><PropertyId>206</PropertyId><PropertyType>0</PropertyType><PropertyName>Version</PropertyName><PropertyValue>44</PropertyValue></Property><Property><PropertyId>8201</PropertyId><PropertyType>4</PropertyType><PropertyName>Included Interfaces</PropertyName><PropertyValue></PropertyValue></Property><Property><PropertyId>8003</PropertyId><PropertyType>4</PropertyType><PropertyName>List Data</PropertyName><PropertyValue></PropertyValue></Property><Property><PropertyId>6</PropertyId><PropertyType>0</PropertyType><PropertyName>Title Width</PropertyName><PropertyValue>70</PropertyValue></Property><Property><PropertyId>8000</PropertyId><PropertyType>4</PropertyType><PropertyName>Title</PropertyName><PropertyValue>Selection</PropertyValue></Property><Property><PropertyId>3</PropertyId><PropertyType>0</PropertyType><PropertyName>Width</PropertyName><PropertyValue>213</PropertyValue></Property><Property><PropertyId>2</PropertyId><PropertyType>0</PropertyType><PropertyName>Top</PropertyName><PropertyValue>44</PropertyValue></Property><Property><PropertyId>1</PropertyId><PropertyType>0</PropertyType><PropertyName>Left</PropertyName><PropertyValue>266</PropertyValue></Property><Property><PropertyId>8</PropertyId><PropertyType>0</PropertyType><PropertyName>Visible</PropertyName><PropertyValue>0</PropertyValue></Property><Property><PropertyId>24</PropertyId><PropertyType>0</PropertyType><PropertyName>Field Order</PropertyName><PropertyValue>460</PropertyValue></Property><Property><PropertyId>0</PropertyId><PropertyType>0</PropertyType><PropertyName>Field Type</PropertyName><PropertyValue>20</PropertyValue></Property></Field><Field Id='110'><Property><PropertyId>47</PropertyId><PropertyType>0</PropertyType><PropertyName>Popup Widget Group</PropertyName><PropertyValue>4</PropertyValue></Property><Property><PropertyId>207</PropertyId><PropertyType>0</PropertyType><PropertyName>Load Factor</PropertyName><PropertyValue>2</PropertyValue></Property><Property><PropertyId>206</PropertyId><PropertyType>0</PropertyType><PropertyName>Version</PropertyName><PropertyValue>85</PropertyValue></Property><Property><PropertyId>8201</PropertyId><PropertyType>4</PropertyType><PropertyName>Included Interfaces</PropertyName><PropertyValue></PropertyValue></Property><Property><PropertyId>6</PropertyId><PropertyType>0</PropertyType><PropertyName>Title Width</PropertyName><PropertyValue>60</PropertyValue></Property><Property><PropertyId>8000</PropertyId><PropertyType>4</PropertyType><PropertyName>Title</PropertyName><PropertyValue>Bond ID</PropertyValue></Property><Property><PropertyId>3</PropertyId><PropertyType>0</PropertyType><PropertyName>Width</PropertyName><PropertyValue>210</PropertyValue></Property><Property><PropertyId>2</PropertyId><PropertyType>0</PropertyType><PropertyName>Top</PropertyName><PropertyValue>18</PropertyValue></Property><Property><PropertyId>1</PropertyId><PropertyType>0</PropertyType><PropertyName>Left</PropertyName><PropertyValue>236</PropertyValue></Property><Property><PropertyId>8</PropertyId><PropertyType>0</PropertyType><PropertyName>Visible</PropertyName><PropertyValue>0</PropertyValue></Property><Property><PropertyId>9</PropertyId><PropertyType>0</PropertyType><PropertyName>Enabled</PropertyName><PropertyValue>0</PropertyValue></Property><Property><PropertyId>61</PropertyId><PropertyType>0</PropertyType><PropertyName>Validity Check</PropertyName><PropertyValue>1</PropertyValue></Property><Property><PropertyId>24</PropertyId><PropertyType>0</PropertyType><PropertyName>Field Order</PropertyName><PropertyValue>130</PropertyValue></Property><Property><PropertyId>0</PropertyId><PropertyType>0</PropertyType><PropertyName>Field Type</PropertyName><PropertyValue>13</PropertyValue></Property></Field><Field Id='150'><Property><PropertyId>207</PropertyId><PropertyType>0</PropertyType><PropertyName>Load Factor</PropertyName><PropertyValue>2</PropertyValue></Property><Property><PropertyId>206</PropertyId><PropertyType>0</PropertyType><PropertyName>Version</PropertyName><PropertyValue>85</PropertyValue></Property><Property><PropertyId>8201</PropertyId><PropertyType>4</PropertyType><PropertyName>Included Interfaces</PropertyName><PropertyValue></PropertyValue></Property><Property><PropertyId>8003</PropertyId><PropertyType>4</PropertyType><PropertyName>List Data</PropertyName><PropertyValue>ATS;t:Austrian government bonds ;l:bunds;r:;e:13;I:AUD;t:Australian government bonds;e:15;I:BEF;t:Belgian government bonds ;l:OLO's;r:;e:8;I:Bills360;t:TBills or commercial paper on Act360 basis;e:29;I:Bills365;t:TBills or commercial paper on Act365 basis;I:BTAN;t:French Bons a Taux Annuelle Normalise;e:3;I:BTP/CTO;t:Italian government bonds ;l:BTP/CTO;r:;e:17;I:Bund;t:German Bundesanleihen;e:4;I:CAD;t:Canadian Treasury bonds and notes;e:20;I:CAD/US ;t:Canadian Treasury bonds listed as US Treasury;e:25;I:CD360;t:Certificates of deposit with Act360 basis;e:31;I:CD365;t:Certificates of deposit with Act365 basis;I:CHF;t:Swiss government bonds;e:12;I:CZK;t:Czech government bonds;e:33;I:DKK;t:Danish government bonds and notes;e:7;I:ESP;t:Spanish bonos;e:14;I:EUR;h:S;t:Euro;h:denominated bonds, Semiannual;e:26;I:EUR;h:A;t:Euro;h:denominated bonds, Annual;I:FIM;t:Finnish government bonds and notes;e:10;I:GRD;t:Greek government bonds;e:37;I:HUF;t:Hungarian government bonds;e:35;I:IEP;t:Irish government bonds;e:19;I:JPY;t:Japanese government bonds;e:5;I:MXN;t:Mexican Bondes;e:23;I:NLG;t:Dutch state loans ;l:Netherlands;r:;e:6;I:NOK;t:Norwegian government bonds and notes;e:18;I:NZD;t:New Zealand government bonds and notes;e:16;I:OAT;t:French Obligations Assimilable de Tresor;e:2;I:PLN;t:Polish government bonds;e:34;I:PTE;t:Portugese government bonds and notes;e:11;I:SEK;t:Swedish government bonds and notes;e:9;I:TKL;t:Turkish government bonds;e:38;I:UK Gilts;t:UK Gilts;e:1;I:US Corp;t:US Corporate notes and bonds;e:28;I:US Treas;t:US Treasury notes and bonds;e:0;I:ZAR;t:South African government bonds;e:36</PropertyValue></Property><Property><PropertyId>6</PropertyId><PropertyType>0</PropertyType><PropertyName>Title Width</PropertyName><PropertyValue>70</PropertyValue></Property><Property><PropertyId>8000</PropertyId><PropertyType>4</PropertyType><PropertyName>Title</PropertyName><PropertyValue>Bd/Yld Type</PropertyValue></Property><Property><PropertyId>3</PropertyId><PropertyType>0</PropertyType><PropertyName>Width</PropertyName><PropertyValue>140</PropertyValue></Property><Property><PropertyId>2</PropertyId><PropertyType>0</PropertyType><PropertyName>Top</PropertyName><PropertyValue>40</PropertyValue></Property><Property><PropertyId>1</PropertyId><PropertyType>0</PropertyType><PropertyName>Left</PropertyName><PropertyValue>2</PropertyValue></Property><Property><PropertyId>46</PropertyId><PropertyType>0</PropertyType><PropertyName>Blankable</PropertyName><PropertyValue>1</PropertyValue></Property><Property><PropertyId>22</PropertyId><PropertyType>0</PropertyType><PropertyName>Value ;l:Integer;r:</PropertyName><PropertyValue>24</PropertyValue></Property><Property><PropertyId>24</PropertyId><PropertyType>0</PropertyType><PropertyName>Field Order</PropertyName><PropertyValue>50</PropertyValue></Property><Property><PropertyId>0</PropertyId><PropertyType>0</PropertyType><PropertyName>Field Type</PropertyName><PropertyValue>20</PropertyValue></Property></Field><Field Id='200'><Property><PropertyId>207</PropertyId><PropertyType>0</PropertyType><PropertyName>Load Factor</PropertyName><PropertyValue>2</PropertyValue></Property><Property><PropertyId>206</PropertyId><PropertyType>0</PropertyType><PropertyName>Version</PropertyName><PropertyValue>85</PropertyValue></Property><Property><PropertyId>8201</PropertyId><PropertyType>4</PropertyType><PropertyName>Included Interfaces</PropertyName><PropertyValue></PropertyValue></Property><Property><PropertyId>8003</PropertyId><PropertyType>4</PropertyType><PropertyName>List Data</PropertyName><PropertyValue>#101</PropertyValue></Property><Property><PropertyId>8000</PropertyId><PropertyType>4</PropertyType><PropertyName>Title</PropertyName><PropertyValue>Yield Type</PropertyValue></Property><Property><PropertyId>3</PropertyId><PropertyType>0</PropertyType><PropertyName>Width</PropertyName><PropertyValue>70</PropertyValue></Property><Property><PropertyId>2</PropertyId><PropertyType>0</PropertyType><PropertyName>Top</PropertyName><PropertyValue>40</PropertyValue></Property><Property><PropertyId>1</PropertyId><PropertyType>0</PropertyType><PropertyName>Left</PropertyName><PropertyValue>145</PropertyValue></Property><Property><PropertyId>46</PropertyId><PropertyType>0</PropertyType><PropertyName>Blankable</PropertyName><PropertyValue>1</PropertyValue></Property><Property><PropertyId>21</PropertyId><PropertyType>0</PropertyType><PropertyName>State</PropertyName><PropertyValue>1</PropertyValue></Property><Property><PropertyId>22</PropertyId><PropertyType>0</PropertyType><PropertyName>Value ;l:Integer;r:</PropertyName><PropertyValue>2</PropertyValue></Property><Property><PropertyId>24</PropertyId><PropertyType>0</PropertyType><PropertyName>Field Order</PropertyName><PropertyValue>60</PropertyValue></Property><Property><PropertyId>0</PropertyId><PropertyType>0</PropertyType><PropertyName>Field Type</PropertyName><PropertyValue>20</PropertyValue></Property></Field><Field Id='250'><Property><PropertyId>207</PropertyId><PropertyType>0</PropertyType><PropertyName>Load Factor</PropertyName><PropertyValue>2</PropertyValue></Property><Property><PropertyId>206</PropertyId><PropertyType>0</PropertyType><PropertyName>Version</PropertyName><PropertyValue>85</PropertyValue></Property><Property><PropertyId>8201</PropertyId><PropertyType>4</PropertyType><PropertyName>Included Interfaces</PropertyName><PropertyValue></PropertyValue></Property><Property><PropertyId>6</PropertyId><PropertyType>0</PropertyType><PropertyName>Title Width</PropertyName><PropertyValue>70</PropertyValue></Property><Property><PropertyId>8000</PropertyId><PropertyType>4</PropertyType><PropertyName>Title</PropertyName><PropertyValue>Cpn/Mat</PropertyValue></Property><Property><PropertyId>3</PropertyId><PropertyType>0</PropertyType><PropertyName>Width</PropertyName><PropertyValue>140</PropertyValue></Property><Property><PropertyId>2</PropertyId><PropertyType>0</PropertyType><PropertyName>Top</PropertyName><PropertyValue>58</PropertyValue></Property><Property><PropertyId>1</PropertyId><PropertyType>0</PropertyType><PropertyName>Left</PropertyName><PropertyValue>2</PropertyValue></Property><Property><PropertyId>21</PropertyId><PropertyType>0</PropertyType><PropertyName>State</PropertyName><PropertyValue>1</PropertyValue></Property><Property><PropertyId>61</PropertyId><PropertyType>0</PropertyType><PropertyName>Validity Check</PropertyName><PropertyValue>1</PropertyValue></Property><Property><PropertyId>24</PropertyId><PropertyType>0</PropertyType><PropertyName>Field Order</PropertyName><PropertyValue>20</PropertyValue></Property><Property><PropertyId>0</PropertyId><PropertyType>0</PropertyType><PropertyName>Field Type</PropertyName><PropertyValue>11</PropertyValue></Property></Field><Field Id='251'><Property><PropertyId>47</PropertyId><PropertyType>0</PropertyType><PropertyName>Popup Widget Group</PropertyName><PropertyValue>4</PropertyValue></Property><Property><PropertyId>206</PropertyId><PropertyType>0</PropertyType><PropertyName>Version</PropertyName><PropertyValue>85</PropertyValue></Property><Property><PropertyId>8201</PropertyId><PropertyType>4</PropertyType><PropertyName>Included Interfaces</PropertyName><PropertyValue></PropertyValue></Property><Property><PropertyId>6</PropertyId><PropertyType>0</PropertyType><PropertyName>Title Width</PropertyName><PropertyValue>120</PropertyValue></Property><Property><PropertyId>8000</PropertyId><PropertyType>4</PropertyType><PropertyName>Title</PropertyName><PropertyValue>Accrued Interest</PropertyValue></Property><Property><PropertyId>3</PropertyId><PropertyType>0</PropertyType><PropertyName>Width</PropertyName><PropertyValue>210</PropertyValue></Property><Property><PropertyId>2</PropertyId><PropertyType>0</PropertyType><PropertyName>Top</PropertyName><PropertyValue>102</PropertyValue></Property><Property><PropertyId>1</PropertyId><PropertyType>0</PropertyType><PropertyName>Left</PropertyName><PropertyValue>236</PropertyValue></Property><Property><PropertyId>11</PropertyId><PropertyType>0</PropertyType><PropertyName>Format</PropertyName><PropertyValue>1004</PropertyValue></Property><Property><PropertyId>8</PropertyId><PropertyType>0</PropertyType><PropertyName>Visible</PropertyName><PropertyValue>0</PropertyValue></Property><Property><PropertyId>9</PropertyId><PropertyType>0</PropertyType><PropertyName>Enabled</PropertyName><PropertyValue>0</PropertyValue></Property><Property><PropertyId>21</PropertyId><PropertyType>0</PropertyType><PropertyName>State</PropertyName><PropertyValue>1</PropertyValue></Property><Property><PropertyId>61</PropertyId><PropertyType>0</PropertyType><PropertyName>Validity Check</PropertyName><PropertyValue>1</PropertyValue></Property><Property><PropertyId>24</PropertyId><PropertyType>0</PropertyType><PropertyName>Field Order</PropertyName><PropertyValue>360</PropertyValue></Property><Property><PropertyId>0</PropertyId><PropertyType>0</PropertyType><PropertyName>Field Type</PropertyName><PropertyValue>11</PropertyValue></Property></Field><Field Id='300'><Property><PropertyId>207</PropertyId><PropertyType>0</PropertyType><PropertyName>Load Factor</PropertyName><PropertyValue>2</PropertyValue></Property><Property><PropertyId>206</PropertyId><PropertyType>0</PropertyType><PropertyName>Version</PropertyName><PropertyValue>85</PropertyValue></Property><Property><PropertyId>8201</PropertyId><PropertyType>4</PropertyType><PropertyName>Included Interfaces</PropertyName><PropertyValue></PropertyValue></Property><Property><PropertyId>8000</PropertyId><PropertyType>4</PropertyType><PropertyName>Title</PropertyName><PropertyValue>Maturity</PropertyValue></Property><Property><PropertyId>3</PropertyId><PropertyType>0</PropertyType><PropertyName>Width</PropertyName><PropertyValue>70</PropertyValue></Property><Property><PropertyId>2</PropertyId><PropertyType>0</PropertyType><PropertyName>Top</PropertyName><PropertyValue>58</PropertyValue></Property><Property><PropertyId>1</PropertyId><PropertyType>0</PropertyType><PropertyName>Left</PropertyName><PropertyValue>145</PropertyValue></Property><Property><PropertyId>21</PropertyId><PropertyType>0</PropertyType><PropertyName>State</PropertyName><PropertyValue>1</PropertyValue></Property><Property><PropertyId>2005</PropertyId><PropertyType>1</PropertyType><PropertyName>Max Value</PropertyName><PropertyValue>401768.00000000</PropertyValue></Property><Property><PropertyId>61</PropertyId><PropertyType>0</PropertyType><PropertyName>Validity Check</PropertyName><PropertyValue>1</PropertyValue></Property><Property><PropertyId>24</PropertyId><PropertyType>0</PropertyType><PropertyName>Field Order</PropertyName><PropertyValue>40</PropertyValue></Property><Property><PropertyId>0</PropertyId><PropertyType>0</PropertyType><PropertyName>Field Type</PropertyName><PropertyValue>12</PropertyValue></Property></Field><Field Id='350'><Property><PropertyId>47</PropertyId><PropertyType>0</PropertyType><PropertyName>Popup Widget Group</PropertyName><PropertyValue>4</PropertyValue></Property><Property><PropertyId>207</PropertyId><PropertyType>0</PropertyType><PropertyName>Load Factor</PropertyName><PropertyValue>2</PropertyValue></Property><Property><PropertyId>206</PropertyId><PropertyType>0</PropertyType><PropertyName>Version</PropertyName><PropertyValue>85</PropertyValue></Property><Property><PropertyId>8201</PropertyId><PropertyType>4</PropertyType><PropertyName>Included Interfaces</PropertyName><PropertyValue></PropertyValue></Property><Property><PropertyId>6</PropertyId><PropertyType>0</PropertyType><PropertyName>Title Width</PropertyName><PropertyValue>120</PropertyValue></Property><Property><PropertyId>8000</PropertyId><PropertyType>4</PropertyType><PropertyName>Title</PropertyName><PropertyValue>Issue date</PropertyValue></Property><Property><PropertyId>3</PropertyId><PropertyType>0</PropertyType><PropertyName>Width</PropertyName><PropertyValue>210</PropertyValue></Property><Property><PropertyId>2</PropertyId><PropertyType>0</PropertyType><PropertyName>Top</PropertyName><PropertyValue>34</PropertyValue></Property><Property><PropertyId>1</PropertyId><PropertyType>0</PropertyType><PropertyName>Left</PropertyName><PropertyValue>236</PropertyValue></Property><Property><PropertyId>8</PropertyId><PropertyType>0</PropertyType><PropertyName>Visible</PropertyName><PropertyValue>0</PropertyValue></Property><Property><PropertyId>21</PropertyId><PropertyType>0</PropertyType><PropertyName>State</PropertyName><PropertyValue>1</PropertyValue></Property><Property><PropertyId>2005</PropertyId><PropertyType>1</PropertyType><PropertyName>Max Value</PropertyName><PropertyValue>401768.00000000</PropertyValue></Property><Property><PropertyId>61</PropertyId><PropertyType>0</PropertyType><PropertyName>Validity Check</PropertyName><PropertyValue>1</PropertyValue></Property><Property><PropertyId>24</PropertyId><PropertyType>0</PropertyType><PropertyName>Field Order</PropertyName><PropertyValue>70</PropertyValue></Property><Property><PropertyId>0</PropertyId><PropertyType>0</PropertyType><PropertyName>Field Type</PropertyName><PropertyValue>12</PropertyValue></Property></Field><Field Id='400'><Property><PropertyId>47</PropertyId><PropertyType>0</PropertyType><PropertyName>Popup Widget Group</PropertyName><PropertyValue>4</PropertyValue></Property><Property><PropertyId>207</PropertyId><PropertyType>0</PropertyType><PropertyName>Load Factor</PropertyName><PropertyValue>2</PropertyValue></Property><Property><PropertyId>206</PropertyId><PropertyType>0</PropertyType><PropertyName>Version</PropertyName><PropertyValue>85</PropertyValue></Property><Property><PropertyId>8201</PropertyId><PropertyType>4</PropertyType><PropertyName>Included Interfaces</PropertyName><PropertyValue></PropertyValue></Property><Property><PropertyId>6</PropertyId><PropertyType>0</PropertyType><PropertyName>Title Width</PropertyName><PropertyValue>120</PropertyValue></Property><Property><PropertyId>8000</PropertyId><PropertyType>4</PropertyType><PropertyName>Title</PropertyName><PropertyValue>Settlement date</PropertyValue></Property><Property><PropertyId>3</PropertyId><PropertyType>0</PropertyType><PropertyName>Width</PropertyName><PropertyValue>210</PropertyValue></Property><Property><PropertyId>2</PropertyId><PropertyType>0</PropertyType><PropertyName>Top</PropertyName><PropertyValue>85</PropertyValue></Property><Property><PropertyId>1</PropertyId><PropertyType>0</PropertyType><PropertyName>Left</PropertyName><PropertyValue>236</PropertyValue></Property><Property><PropertyId>8</PropertyId><PropertyType>0</PropertyType><PropertyName>Visible</PropertyName><PropertyValue>0</PropertyValue></Property><Property><PropertyId>21</PropertyId><PropertyType>0</PropertyType><PropertyName>State</PropertyName><PropertyValue>1</PropertyValue></Property><Property><PropertyId>2005</PropertyId><PropertyType>1</PropertyType><PropertyName>Max Value</PropertyName><PropertyValue>401768.00000000</PropertyValue></Property><Property><PropertyId>61</PropertyId><PropertyType>0</PropertyType><PropertyName>Validity Check</PropertyName><PropertyValue>1</PropertyValue></Property><Property><PropertyId>24</PropertyId><PropertyType>0</PropertyType><PropertyName>Field Order</PropertyName><PropertyValue>140</PropertyValue></Property><Property><PropertyId>0</PropertyId><PropertyType>0</PropertyType><PropertyName>Field Type</PropertyName><PropertyValue>12</PropertyValue></Property></Field><Field Id='450'><Property><PropertyId>47</PropertyId><PropertyType>0</PropertyType><PropertyName>Popup Widget Group</PropertyName><PropertyValue>4</PropertyValue></Property><Property><PropertyId>207</PropertyId><PropertyType>0</PropertyType><PropertyName>Load Factor</PropertyName><PropertyValue>2</PropertyValue></Property><Property><PropertyId>206</PropertyId><PropertyType>0</PropertyType><PropertyName>Version</PropertyName><PropertyValue>85</PropertyValue></Property><Property><PropertyId>8201</PropertyId><PropertyType>4</PropertyType><PropertyName>Included Interfaces</PropertyName><PropertyValue></PropertyValue></Property><Property><PropertyId>6</PropertyId><PropertyType>0</PropertyType><PropertyName>Title Width</PropertyName><PropertyValue>120</PropertyValue></Property><Property><PropertyId>8000</PropertyId><PropertyType>4</PropertyType><PropertyName>Title</PropertyName><PropertyValue>First Coupon date</PropertyValue></Property><Property><PropertyId>3</PropertyId><PropertyType>0</PropertyType><PropertyName>Width</PropertyName><PropertyValue>210</PropertyValue></Property><Property><PropertyId>2</PropertyId><PropertyType>0</PropertyType><PropertyName>Top</PropertyName><PropertyValue>51</PropertyValue></Property><Property><PropertyId>1</PropertyId><PropertyType>0</PropertyType><PropertyName>Left</PropertyName><PropertyValue>236</PropertyValue></Property><Property><PropertyId>8</PropertyId><PropertyType>0</PropertyType><PropertyName>Visible</PropertyName><PropertyValue>0</PropertyValue></Property><Property><PropertyId>21</PropertyId><PropertyType>0</PropertyType><PropertyName>State</PropertyName><PropertyValue>1</PropertyValue></Property><Property><PropertyId>2005</PropertyId><PropertyType>1</PropertyType><PropertyName>Max Value</PropertyName><PropertyValue>401768.00000000</PropertyValue></Property><Property><PropertyId>61</PropertyId><PropertyType>0</PropertyType><PropertyName>Validity Check</PropertyName><PropertyValue>1</PropertyValue></Property><Property><PropertyId>24</PropertyId><PropertyType>0</PropertyType><PropertyName>Field Order</PropertyName><PropertyValue>80</PropertyValue></Property><Property><PropertyId>0</PropertyId><PropertyType>0</PropertyType><PropertyName>Field Type</PropertyName><PropertyValue>12</PropertyValue></Property></Field><Field Id='451'><Property><PropertyId>47</PropertyId><PropertyType>0</PropertyType><PropertyName>Popup Widget Group</PropertyName><PropertyValue>4</PropertyValue></Property><Property><PropertyId>206</PropertyId><PropertyType>0</PropertyType><PropertyName>Version</PropertyName><PropertyValue>85</PropertyValue></Property><Property><PropertyId>8201</PropertyId><PropertyType>4</PropertyType><PropertyName>Included Interfaces</PropertyName><PropertyValue></PropertyValue></Property><Property><PropertyId>6</PropertyId><PropertyType>0</PropertyType><PropertyName>Title Width</PropertyName><PropertyValue>120</PropertyValue></Property><Property><PropertyId>8000</PropertyId><PropertyType>4</PropertyType><PropertyName>Title</PropertyName><PropertyValue>Last Coupon date</PropertyValue></Property><Property><PropertyId>3</PropertyId><PropertyType>0</PropertyType><PropertyName>Width</PropertyName><PropertyValue>210</PropertyValue></Property><Property><PropertyId>2</PropertyId><PropertyType>0</PropertyType><PropertyName>Top</PropertyName><PropertyValue>68</PropertyValue></Property><Property><PropertyId>1</PropertyId><PropertyType>0</PropertyType><PropertyName>Left</PropertyName><PropertyValue>236</PropertyValue></Property><Property><PropertyId>8</PropertyId><PropertyType>0</PropertyType><PropertyName>Visible</PropertyName><PropertyValue>0</PropertyValue></Property><Property><PropertyId>21</PropertyId><PropertyType>0</PropertyType><PropertyName>State</PropertyName><PropertyValue>1</PropertyValue></Property><Property><PropertyId>2005</PropertyId><PropertyType>1</PropertyType><PropertyName>Max Value</PropertyName><PropertyValue>401768.00000000</PropertyValue></Property><Property><PropertyId>61</PropertyId><PropertyType>0</PropertyType><PropertyName>Validity Check</PropertyName><PropertyValue>1</PropertyValue></Property><Property><PropertyId>24</PropertyId><PropertyType>0</PropertyType><PropertyName>Field Order</PropertyName><PropertyValue>350</PropertyValue></Property><Property><PropertyId>0</PropertyId><PropertyType>0</PropertyType><PropertyName>Field Type</PropertyName><PropertyValue>12</PropertyValue></Property></Field><Field Id='1000'><Property><PropertyId>207</PropertyId><PropertyType>0</PropertyType><PropertyName>Load Factor</PropertyName><PropertyValue>2</PropertyValue></Property><Property><PropertyId>206</PropertyId><PropertyType>0</PropertyType><PropertyName>Version</PropertyName><PropertyValue>85</PropertyValue></Property><Property><PropertyId>8201</PropertyId><PropertyType>4</PropertyType><PropertyName>Included Interfaces</PropertyName><PropertyValue></PropertyValue></Property><Property><PropertyId>6</PropertyId><PropertyType>0</PropertyType><PropertyName>Title Width</PropertyName><PropertyValue>70</PropertyValue></Property><Property><PropertyId>8000</PropertyId><PropertyType>4</PropertyType><PropertyName>Title</PropertyName><PropertyValue>Price</PropertyValue></Property><Property><PropertyId>3</PropertyId><PropertyType>0</PropertyType><PropertyName>Width</PropertyName><PropertyValue>140</PropertyValue></Property><Property><PropertyId>2</PropertyId><PropertyType>0</PropertyType><PropertyName>Top</PropertyName><PropertyValue>94</PropertyValue></Property><Property><PropertyId>1</PropertyId><PropertyType>0</PropertyType><PropertyName>Left</PropertyName><PropertyValue>2</PropertyValue></Property><Property><PropertyId>11</PropertyId><PropertyType>0</PropertyType><PropertyName>Format</PropertyName><PropertyValue>1004</PropertyValue></Property><Property><PropertyId>21</PropertyId><PropertyType>0</PropertyType><PropertyName>State</PropertyName><PropertyValue>1</PropertyValue></Property><Property><PropertyId>61</PropertyId><PropertyType>0</PropertyType><PropertyName>Validity Check</PropertyName><PropertyValue>1</PropertyValue></Property><Property><PropertyId>24</PropertyId><PropertyType>0</PropertyType><PropertyName>Field Order</PropertyName><PropertyValue>90</PropertyValue></Property><Property><PropertyId>0</PropertyId><PropertyType>0</PropertyType><PropertyName>Field Type</PropertyName><PropertyValue>11</PropertyValue></Property></Field><Field Id='1001'><Property><PropertyId>207</PropertyId><PropertyType>0</PropertyType><PropertyName>Load Factor</PropertyName><PropertyValue>2</PropertyValue></Property><Property><PropertyId>206</PropertyId><PropertyType>0</PropertyType><PropertyName>Version</PropertyName><PropertyValue>85</PropertyValue></Property><Property><PropertyId>8201</PropertyId><PropertyType>4</PropertyType><PropertyName>Included Interfaces</PropertyName><PropertyValue></PropertyValue></Property><Property><PropertyId>3</PropertyId><PropertyType>0</PropertyType><PropertyName>Width</PropertyName><PropertyValue>70</PropertyValue></Property><Property><PropertyId>2</PropertyId><PropertyType>0</PropertyType><PropertyName>Top</PropertyName><PropertyValue>94</PropertyValue></Property><Property><PropertyId>1</PropertyId><PropertyType>0</PropertyType><PropertyName>Left</PropertyName><PropertyValue>145</PropertyValue></Property><Property><PropertyId>11</PropertyId><PropertyType>0</PropertyType><PropertyName>Format</PropertyName><PropertyValue>1004</PropertyValue></Property><Property><PropertyId>21</PropertyId><PropertyType>0</PropertyType><PropertyName>State</PropertyName><PropertyValue>1</PropertyValue></Property><Property><PropertyId>61</PropertyId><PropertyType>0</PropertyType><PropertyName>Validity Check</PropertyName><PropertyValue>1</PropertyValue></Property><Property><PropertyId>24</PropertyId><PropertyType>0</PropertyType><PropertyName>Field Order</PropertyName><PropertyValue>100</PropertyValue></Property><Property><PropertyId>0</PropertyId><PropertyType>0</PropertyType><PropertyName>Field Type</PropertyName><PropertyValue>11</PropertyValue></Property></Field><Field Id='1100'><Property><PropertyId>25</PropertyId><PropertyType>0</PropertyType><PropertyName>Group 1</PropertyName><PropertyValue>1</PropertyValue></Property><Property><PropertyId>207</PropertyId><PropertyType>0</PropertyType><PropertyName>Load Factor</PropertyName><PropertyValue>2</PropertyValue></Property><Property><PropertyId>206</PropertyId><PropertyType>0</PropertyType><PropertyName>Version</PropertyName><PropertyValue>85</PropertyValue></Property><Property><PropertyId>8201</PropertyId><PropertyType>4</PropertyType><PropertyName>Included Interfaces</PropertyName><PropertyValue></PropertyValue></Property><Property><PropertyId>8000</PropertyId><PropertyType>4</PropertyType><PropertyName>Title</PropertyName><PropertyValue>Yield</PropertyValue></Property><Property><PropertyId>3</PropertyId><PropertyType>0</PropertyType><PropertyName>Width</PropertyName><PropertyValue>70</PropertyValue></Property><Property><PropertyId>2</PropertyId><PropertyType>0</PropertyType><PropertyName>Top</PropertyName><PropertyValue>111</PropertyValue></Property><Property><PropertyId>1</PropertyId><PropertyType>0</PropertyType><PropertyName>Left</PropertyName><PropertyValue>72</PropertyValue></Property><Property><PropertyId>11</PropertyId><PropertyType>0</PropertyType><PropertyName>Format</PropertyName><PropertyValue>1145</PropertyValue></Property><Property><PropertyId>21</PropertyId><PropertyType>0</PropertyType><PropertyName>State</PropertyName><PropertyValue>1</PropertyValue></Property><Property><PropertyId>61</PropertyId><PropertyType>0</PropertyType><PropertyName>Validity Check</PropertyName><PropertyValue>1</PropertyValue></Property><Property><PropertyId>24</PropertyId><PropertyType>0</PropertyType><PropertyName>Field Order</PropertyName><PropertyValue>110</PropertyValue></Property><Property><PropertyId>0</PropertyId><PropertyType>0</PropertyType><PropertyName>Field Type</PropertyName><PropertyValue>11</PropertyValue></Property></Field><Field Id='1101'><Property><PropertyId>25</PropertyId><PropertyType>0</PropertyType><PropertyName>Group 1</PropertyName><PropertyValue>1</PropertyValue></Property><Property><PropertyId>207</PropertyId><PropertyType>0</PropertyType><PropertyName>Load Factor</PropertyName><PropertyValue>2</PropertyValue></Property><Property><PropertyId>206</PropertyId><PropertyType>0</PropertyType><PropertyName>Version</PropertyName><PropertyValue>85</PropertyValue></Property><Property><PropertyId>8201</PropertyId><PropertyType>4</PropertyType><PropertyName>Included Interfaces</PropertyName><PropertyValue></PropertyValue></Property><Property><PropertyId>3</PropertyId><PropertyType>0</PropertyType><PropertyName>Width</PropertyName><PropertyValue>70</PropertyValue></Property><Property><PropertyId>2</PropertyId><PropertyType>0</PropertyType><PropertyName>Top</PropertyName><PropertyValue>111</PropertyValue></Property><Property><PropertyId>1</PropertyId><PropertyType>0</PropertyType><PropertyName>Left</PropertyName><PropertyValue>145</PropertyValue></Property><Property><PropertyId>11</PropertyId><PropertyType>0</PropertyType><PropertyName>Format</PropertyName><PropertyValue>1145</PropertyValue></Property><Property><PropertyId>21</PropertyId><PropertyType>0</PropertyType><PropertyName>State</PropertyName><PropertyValue>1</PropertyValue></Property><Property><PropertyId>61</PropertyId><PropertyType>0</PropertyType><PropertyName>Validity Check</PropertyName><PropertyValue>1</PropertyValue></Property><Property><PropertyId>24</PropertyId><PropertyType>0</PropertyType><PropertyName>Field Order</PropertyName><PropertyValue>120</PropertyValue></Property><Property><PropertyId>0</PropertyId><PropertyType>0</PropertyType><PropertyName>Field Type</PropertyName><PropertyValue>11</PropertyValue></Property></Field><Field Id='1200'><Property><PropertyId>26</PropertyId><PropertyType>0</PropertyType><PropertyName>Group 2</PropertyName><PropertyValue>1</PropertyValue></Property><Property><PropertyId>207</PropertyId><PropertyType>0</PropertyType><PropertyName>Load Factor</PropertyName><PropertyValue>2</PropertyValue></Property><Property><PropertyId>206</PropertyId><PropertyType>0</PropertyType><PropertyName>Version</PropertyName><PropertyValue>85</PropertyValue></Property><Property><PropertyId>8201</PropertyId><PropertyType>4</PropertyType><PropertyName>Included Interfaces</PropertyName><PropertyValue></PropertyValue></Property><Property><PropertyId>6</PropertyId><PropertyType>0</PropertyType><PropertyName>Title Width</PropertyName><PropertyValue>70</PropertyValue></Property><Property><PropertyId>8000</PropertyId><PropertyType>4</PropertyType><PropertyName>Title</PropertyName><PropertyValue>Duration</PropertyValue></Property><Property><PropertyId>3</PropertyId><PropertyType>0</PropertyType><PropertyName>Width</PropertyName><PropertyValue>140</PropertyValue></Property><Property><PropertyId>2</PropertyId><PropertyType>0</PropertyType><PropertyName>Top</PropertyName><PropertyValue>128</PropertyValue></Property><Property><PropertyId>1</PropertyId><PropertyType>0</PropertyType><PropertyName>Left</PropertyName><PropertyValue>2</PropertyValue></Property><Property><PropertyId>11</PropertyId><PropertyType>0</PropertyType><PropertyName>Format</PropertyName><PropertyValue>1203</PropertyValue></Property><Property><PropertyId>21</PropertyId><PropertyType>0</PropertyType><PropertyName>State</PropertyName><PropertyValue>1</PropertyValue></Property><Property><PropertyId>61</PropertyId><PropertyType>0</PropertyType><PropertyName>Validity Check</PropertyName><PropertyValue>1</PropertyValue></Property><Property><PropertyId>24</PropertyId><PropertyType>0</PropertyType><PropertyName>Field Order</PropertyName><PropertyValue>160</PropertyValue></Property><Property><PropertyId>0</PropertyId><PropertyType>0</PropertyType><PropertyName>Field Type</PropertyName><PropertyValue>11</PropertyValue></Property></Field><Field Id='1201'><Property><PropertyId>26</PropertyId><PropertyType>0</PropertyType><PropertyName>Group 2</PropertyName><PropertyValue>1</PropertyValue></Property><Property><PropertyId>207</PropertyId><PropertyType>0</PropertyType><PropertyName>Load Factor</PropertyName><PropertyValue>2</PropertyValue></Property><Property><PropertyId>206</PropertyId><PropertyType>0</PropertyType><PropertyName>Version</PropertyName><PropertyValue>85</PropertyValue></Property><Property><PropertyId>8201</PropertyId><PropertyType>4</PropertyType><PropertyName>Included Interfaces</PropertyName><PropertyValue></PropertyValue></Property><Property><PropertyId>3</PropertyId><PropertyType>0</PropertyType><PropertyName>Width</PropertyName><PropertyValue>70</PropertyValue></Property><Property><PropertyId>2</PropertyId><PropertyType>0</PropertyType><PropertyName>Top</PropertyName><PropertyValue>128</PropertyValue></Property><Property><PropertyId>1</PropertyId><PropertyType>0</PropertyType><PropertyName>Left</PropertyName><PropertyValue>145</PropertyValue></Property><Property><PropertyId>11</PropertyId><PropertyType>0</PropertyType><PropertyName>Format</PropertyName><PropertyValue>1203</PropertyValue></Property><Property><PropertyId>21</PropertyId><PropertyType>0</PropertyType><PropertyName>State</PropertyName><PropertyValue>1</PropertyValue></Property><Property><PropertyId>61</PropertyId><PropertyType>0</PropertyType><PropertyName>Validity Check</PropertyName><PropertyValue>1</PropertyValue></Property><Property><PropertyId>24</PropertyId><PropertyType>0</PropertyType><PropertyName>Field Order</PropertyName><PropertyValue>170</PropertyValue></Property><Property><PropertyId>0</PropertyId><PropertyType>0</PropertyType><PropertyName>Field Type</PropertyName><PropertyValue>11</PropertyValue></Property></Field><Field Id='1300'><Property><PropertyId>26</PropertyId><PropertyType>0</PropertyType><PropertyName>Group 2</PropertyName><PropertyValue>1</PropertyValue></Property><Property><PropertyId>207</PropertyId><PropertyType>0</PropertyType><PropertyName>Load Factor</PropertyName><PropertyValue>2</PropertyValue></Property><Property><PropertyId>206</PropertyId><PropertyType>0</PropertyType><PropertyName>Version</PropertyName><PropertyValue>85</PropertyValue></Property><Property><PropertyId>8201</PropertyId><PropertyType>4</PropertyType><PropertyName>Included Interfaces</PropertyName><PropertyValue></PropertyValue></Property><Property><PropertyId>6</PropertyId><PropertyType>0</PropertyType><PropertyName>Title Width</PropertyName><PropertyValue>70</PropertyValue></Property><Property><PropertyId>8000</PropertyId><PropertyType>4</PropertyType><PropertyName>Title</PropertyName><PropertyValue>Mod. Dur.</PropertyValue></Property><Property><PropertyId>3</PropertyId><PropertyType>0</PropertyType><PropertyName>Width</PropertyName><PropertyValue>140</PropertyValue></Property><Property><PropertyId>2</PropertyId><PropertyType>0</PropertyType><PropertyName>Top</PropertyName><PropertyValue>145</PropertyValue></Property><Property><PropertyId>1</PropertyId><PropertyType>0</PropertyType><PropertyName>Left</PropertyName><PropertyValue>2</PropertyValue></Property><Property><PropertyId>11</PropertyId><PropertyType>0</PropertyType><PropertyName>Format</PropertyName><PropertyValue>1203</PropertyValue></Property><Property><PropertyId>21</PropertyId><PropertyType>0</PropertyType><PropertyName>State</PropertyName><PropertyValue>1</PropertyValue></Property><Property><PropertyId>61</PropertyId><PropertyType>0</PropertyType><PropertyName>Validity Check</PropertyName><PropertyValue>1</PropertyValue></Property><Property><PropertyId>24</PropertyId><PropertyType>0</PropertyType><PropertyName>Field Order</PropertyName><PropertyValue>180</PropertyValue></Property><Property><PropertyId>0</PropertyId><PropertyType>0</PropertyType><PropertyName>Field Type</PropertyName><PropertyValue>11</PropertyValue></Property></Field><Field Id='1301'><Property><PropertyId>26</PropertyId><PropertyType>0</PropertyType><PropertyName>Group 2</PropertyName><PropertyValue>1</PropertyValue></Property><Property><PropertyId>207</PropertyId><PropertyType>0</PropertyType><PropertyName>Load Factor</PropertyName><PropertyValue>2</PropertyValue></Property><Property><PropertyId>206</PropertyId><PropertyType>0</PropertyType><PropertyName>Version</PropertyName><PropertyValue>85</PropertyValue></Property><Property><PropertyId>8201</PropertyId><PropertyType>4</PropertyType><PropertyName>Included Interfaces</PropertyName><PropertyValue></PropertyValue></Property><Property><PropertyId>3</PropertyId><PropertyType>0</PropertyType><PropertyName>Width</PropertyName><PropertyValue>70</PropertyValue></Property><Property><PropertyId>2</PropertyId><PropertyType>0</PropertyType><PropertyName>Top</PropertyName><PropertyValue>145</PropertyValue></Property><Property><PropertyId>1</PropertyId><PropertyType>0</PropertyType><PropertyName>Left</PropertyName><PropertyValue>145</PropertyValue></Property><Property><PropertyId>11</PropertyId><PropertyType>0</PropertyType><PropertyName>Format</PropertyName><PropertyValue>1203</PropertyValue></Property><Property><PropertyId>21</PropertyId><PropertyType>0</PropertyType><PropertyName>State</PropertyName><PropertyValue>1</PropertyValue></Property><Property><PropertyId>61</PropertyId><PropertyType>0</PropertyType><PropertyName>Validity Check</PropertyName><PropertyValue>1</PropertyValue></Property><Property><PropertyId>24</PropertyId><PropertyType>0</PropertyType><PropertyName>Field Order</PropertyName><PropertyValue>190</PropertyValue></Property><Property><PropertyId>0</PropertyId><PropertyType>0</PropertyType><PropertyName>Field Type</PropertyName><PropertyValue>11</PropertyValue></Property></Field><Field Id='1400'><Property><PropertyId>26</PropertyId><PropertyType>0</PropertyType><PropertyName>Group 2</PropertyName><PropertyValue>1</PropertyValue></Property><Property><PropertyId>207</PropertyId><PropertyType>0</PropertyType><PropertyName>Load Factor</PropertyName><PropertyValue>2</PropertyValue></Property><Property><PropertyId>206</PropertyId><PropertyType>0</PropertyType><PropertyName>Version</PropertyName><PropertyValue>85</PropertyValue></Property><Property><PropertyId>8201</PropertyId><PropertyType>4</PropertyType><PropertyName>Included Interfaces</PropertyName><PropertyValue></PropertyValue></Property><Property><PropertyId>6</PropertyId><PropertyType>0</PropertyType><PropertyName>Title Width</PropertyName><PropertyValue>70</PropertyValue></Property><Property><PropertyId>8000</PropertyId><PropertyType>4</PropertyType><PropertyName>Title</PropertyName><PropertyValue>$ Duration</PropertyValue></Property><Property><PropertyId>3</PropertyId><PropertyType>0</PropertyType><PropertyName>Width</PropertyName><PropertyValue>140</PropertyValue></Property><Property><PropertyId>2</PropertyId><PropertyType>0</PropertyType><PropertyName>Top</PropertyName><PropertyValue>162</PropertyValue></Property><Property><PropertyId>1</PropertyId><PropertyType>0</PropertyType><PropertyName>Left</PropertyName><PropertyValue>2</PropertyValue></Property><Property><PropertyId>11</PropertyId><PropertyType>0</PropertyType><PropertyName>Format</PropertyName><PropertyValue>1203</PropertyValue></Property><Property><PropertyId>21</PropertyId><PropertyType>0</PropertyType><PropertyName>State</PropertyName><PropertyValue>1</PropertyValue></Property><Property><PropertyId>61</PropertyId><PropertyType>0</PropertyType><PropertyName>Validity Check</PropertyName><PropertyValue>1</PropertyValue></Property><Property><PropertyId>24</PropertyId><PropertyType>0</PropertyType><PropertyName>Field Order</PropertyName><PropertyValue>200</PropertyValue></Property><Property><PropertyId>0</PropertyId><PropertyType>0</PropertyType><PropertyName>Field Type</PropertyName><PropertyValue>11</PropertyValue></Property></Field><Field Id='1401'><Property><PropertyId>26</PropertyId><PropertyType>0</PropertyType><PropertyName>Group 2</PropertyName><PropertyValue>1</PropertyValue></Property><Property><PropertyId>207</PropertyId><PropertyType>0</PropertyType><PropertyName>Load Factor</PropertyName><PropertyValue>2</PropertyValue></Property><Property><PropertyId>206</PropertyId><PropertyType>0</PropertyType><PropertyName>Version</PropertyName><PropertyValue>85</PropertyValue></Property><Property><PropertyId>8201</PropertyId><PropertyType>4</PropertyType><PropertyName>Included Interfaces</PropertyName><PropertyValue></PropertyValue></Property><Property><PropertyId>3</PropertyId><PropertyType>0</PropertyType><PropertyName>Width</PropertyName><PropertyValue>70</PropertyValue></Property><Property><PropertyId>2</PropertyId><PropertyType>0</PropertyType><PropertyName>Top</PropertyName><PropertyValue>162</PropertyValue></Property><Property><PropertyId>1</PropertyId><PropertyType>0</PropertyType><PropertyName>Left</PropertyName><PropertyValue>145</PropertyValue></Property><Property><PropertyId>11</PropertyId><PropertyType>0</PropertyType><PropertyName>Format</PropertyName><PropertyValue>1203</PropertyValue></Property><Property><PropertyId>21</PropertyId><PropertyType>0</PropertyType><PropertyName>State</PropertyName><PropertyValue>1</PropertyValue></Property><Property><PropertyId>61</PropertyId><PropertyType>0</PropertyType><PropertyName>Validity Check</PropertyName><PropertyValue>1</PropertyValue></Property><Property><PropertyId>24</PropertyId><PropertyType>0</PropertyType><PropertyName>Field Order</PropertyName><PropertyValue>210</PropertyValue></Property><Property><PropertyId>0</PropertyId><PropertyType>0</PropertyType><PropertyName>Field Type</PropertyName><PropertyValue>11</PropertyValue></Property></Field><Field Id='1500'><Property><PropertyId>26</PropertyId><PropertyType>0</PropertyType><PropertyName>Group 2</PropertyName><PropertyValue>1</PropertyValue></Property><Property><PropertyId>207</PropertyId><PropertyType>0</PropertyType><PropertyName>Load Factor</PropertyName><PropertyValue>2</PropertyValue></Property><Property><PropertyId>206</PropertyId><PropertyType>0</PropertyType><PropertyName>Version</PropertyName><PropertyValue>85</PropertyValue></Property><Property><PropertyId>8201</PropertyId><PropertyType>4</PropertyType><PropertyName>Included Interfaces</PropertyName><PropertyValue></PropertyValue></Property><Property><PropertyId>6</PropertyId><PropertyType>0</PropertyType><PropertyName>Title Width</PropertyName><PropertyValue>70</PropertyValue></Property><Property><PropertyId>8000</PropertyId><PropertyType>4</PropertyType><PropertyName>Title</PropertyName><PropertyValue>Convexity</PropertyValue></Property><Property><PropertyId>3</PropertyId><PropertyType>0</PropertyType><PropertyName>Width</PropertyName><PropertyValue>140</PropertyValue></Property><Property><PropertyId>2</PropertyId><PropertyType>0</PropertyType><PropertyName>Top</PropertyName><PropertyValue>179</PropertyValue></Property><Property><PropertyId>1</PropertyId><PropertyType>0</PropertyType><PropertyName>Left</PropertyName><PropertyValue>2</PropertyValue></Property><Property><PropertyId>11</PropertyId><PropertyType>0</PropertyType><PropertyName>Format</PropertyName><PropertyValue>1203</PropertyValue></Property><Property><PropertyId>21</PropertyId><PropertyType>0</PropertyType><PropertyName>State</PropertyName><PropertyValue>1</PropertyValue></Property><Property><PropertyId>61</PropertyId><PropertyType>0</PropertyType><PropertyName>Validity Check</PropertyName><PropertyValue>1</PropertyValue></Property><Property><PropertyId>24</PropertyId><PropertyType>0</PropertyType><PropertyName>Field Order</PropertyName><PropertyValue>220</PropertyValue></Property><Property><PropertyId>0</PropertyId><PropertyType>0</PropertyType><PropertyName>Field Type</PropertyName><PropertyValue>11</PropertyValue></Property></Field><Field Id='1501'><Property><PropertyId>26</PropertyId><PropertyType>0</PropertyType><PropertyName>Group 2</PropertyName><PropertyValue>1</PropertyValue></Property><Property><PropertyId>207</PropertyId><PropertyType>0</PropertyType><PropertyName>Load Factor</PropertyName><PropertyValue>2</PropertyValue></Property><Property><PropertyId>206</PropertyId><PropertyType>0</PropertyType><PropertyName>Version</PropertyName><PropertyValue>85</PropertyValue></Property><Property><PropertyId>8201</PropertyId><PropertyType>4</PropertyType><PropertyName>Included Interfaces</PropertyName><PropertyValue></PropertyValue></Property><Property><PropertyId>3</PropertyId><PropertyType>0</PropertyType><PropertyName>Width</PropertyName><PropertyValue>70</PropertyValue></Property><Property><PropertyId>2</PropertyId><PropertyType>0</PropertyType><PropertyName>Top</PropertyName><PropertyValue>179</PropertyValue></Property><Property><PropertyId>1</PropertyId><PropertyType>0</PropertyType><PropertyName>Left</PropertyName><PropertyValue>145</PropertyValue></Property><Property><PropertyId>11</PropertyId><PropertyType>0</PropertyType><PropertyName>Format</PropertyName><PropertyValue>1203</PropertyValue></Property><Property><PropertyId>21</PropertyId><PropertyType>0</PropertyType><PropertyName>State</PropertyName><PropertyValue>1</PropertyValue></Property><Property><PropertyId>61</PropertyId><PropertyType>0</PropertyType><PropertyName>Validity Check</PropertyName><PropertyValue>1</PropertyValue></Property><Property><PropertyId>24</PropertyId><PropertyType>0</PropertyType><PropertyName>Field Order</PropertyName><PropertyValue>230</PropertyValue></Property><Property><PropertyId>0</PropertyId><PropertyType>0</PropertyType><PropertyName>Field Type</PropertyName><PropertyValue>11</PropertyValue></Property></Field><Field Id='1600'><Property><PropertyId>26</PropertyId><PropertyType>0</PropertyType><PropertyName>Group 2</PropertyName><PropertyValue>1</PropertyValue></Property><Property><PropertyId>206</PropertyId><PropertyType>0</PropertyType><PropertyName>Version</PropertyName><PropertyValue>85</PropertyValue></Property><Property><PropertyId>8201</PropertyId><PropertyType>4</PropertyType><PropertyName>Included Interfaces</PropertyName><PropertyValue></PropertyValue></Property><Property><PropertyId>6</PropertyId><PropertyType>0</PropertyType><PropertyName>Title Width</PropertyName><PropertyValue>70</PropertyValue></Property><Property><PropertyId>8000</PropertyId><PropertyType>4</PropertyType><PropertyName>Title</PropertyName><PropertyValue>$ Cvx</PropertyValue></Property><Property><PropertyId>3</PropertyId><PropertyType>0</PropertyType><PropertyName>Width</PropertyName><PropertyValue>140</PropertyValue></Property><Property><PropertyId>2</PropertyId><PropertyType>0</PropertyType><PropertyName>Top</PropertyName><PropertyValue>196</PropertyValue></Property><Property><PropertyId>1</PropertyId><PropertyType>0</PropertyType><PropertyName>Left</PropertyName><PropertyValue>2</PropertyValue></Property><Property><PropertyId>11</PropertyId><PropertyType>0</PropertyType><PropertyName>Format</PropertyName><PropertyValue>1203</PropertyValue></Property><Property><PropertyId>21</PropertyId><PropertyType>0</PropertyType><PropertyName>State</PropertyName><PropertyValue>1</PropertyValue></Property><Property><PropertyId>61</PropertyId><PropertyType>0</PropertyType><PropertyName>Validity Check</PropertyName><PropertyValue>1</PropertyValue></Property><Property><PropertyId>24</PropertyId><PropertyType>0</PropertyType><PropertyName>Field Order</PropertyName><PropertyValue>330</PropertyValue></Property><Property><PropertyId>0</PropertyId><PropertyType>0</PropertyType><PropertyName>Field Type</PropertyName><PropertyValue>11</PropertyValue></Property></Field><Field Id='1601'><Property><PropertyId>26</PropertyId><PropertyType>0</PropertyType><PropertyName>Group 2</PropertyName><PropertyValue>1</PropertyValue></Property><Property><PropertyId>207</PropertyId><PropertyType>0</PropertyType><PropertyName>Load Factor</PropertyName><PropertyValue>2</PropertyValue></Property><Property><PropertyId>206</PropertyId><PropertyType>0</PropertyType><PropertyName>Version</PropertyName><PropertyValue>85</PropertyValue></Property><Property><PropertyId>8201</PropertyId><PropertyType>4</PropertyType><PropertyName>Included Interfaces</PropertyName><PropertyValue></PropertyValue></Property><Property><PropertyId>3</PropertyId><PropertyType>0</PropertyType><PropertyName>Width</PropertyName><PropertyValue>70</PropertyValue></Property><Property><PropertyId>2</PropertyId><PropertyType>0</PropertyType><PropertyName>Top</PropertyName><PropertyValue>196</PropertyValue></Property><Property><PropertyId>1</PropertyId><PropertyType>0</PropertyType><PropertyName>Left</PropertyName><PropertyValue>145</PropertyValue></Property><Property><PropertyId>11</PropertyId><PropertyType>0</PropertyType><PropertyName>Format</PropertyName><PropertyValue>1203</PropertyValue></Property><Property><PropertyId>21</PropertyId><PropertyType>0</PropertyType><PropertyName>State</PropertyName><PropertyValue>1</PropertyValue></Property><Property><PropertyId>61</PropertyId><PropertyType>0</PropertyType><PropertyName>Validity Check</PropertyName><PropertyValue>1</PropertyValue></Property><Property><PropertyId>24</PropertyId><PropertyType>0</PropertyType><PropertyName>Field Order</PropertyName><PropertyValue>240</PropertyValue></Property><Property><PropertyId>0</PropertyId><PropertyType>0</PropertyType><PropertyName>Field Type</PropertyName><PropertyValue>11</PropertyValue></Property></Field><Field Id='1700'><Property><PropertyId>26</PropertyId><PropertyType>0</PropertyType><PropertyName>Group 2</PropertyName><PropertyValue>1</PropertyValue></Property><Property><PropertyId>206</PropertyId><PropertyType>0</PropertyType><PropertyName>Version</PropertyName><PropertyValue>85</PropertyValue></Property><Property><PropertyId>8201</PropertyId><PropertyType>4</PropertyType><PropertyName>Included Interfaces</PropertyName><PropertyValue></PropertyValue></Property><Property><PropertyId>6</PropertyId><PropertyType>0</PropertyType><PropertyName>Title Width</PropertyName><PropertyValue>70</PropertyValue></Property><Property><PropertyId>8000</PropertyId><PropertyType>4</PropertyType><PropertyName>Title</PropertyName><PropertyValue>PVBP</PropertyValue></Property><Property><PropertyId>3</PropertyId><PropertyType>0</PropertyType><PropertyName>Width</PropertyName><PropertyValue>140</PropertyValue></Property><Property><PropertyId>2</PropertyId><PropertyType>0</PropertyType><PropertyName>Top</PropertyName><PropertyValue>213</PropertyValue></Property><Property><PropertyId>1</PropertyId><PropertyType>0</PropertyType><PropertyName>Left</PropertyName><PropertyValue>2</PropertyValue></Property><Property><PropertyId>11</PropertyId><PropertyType>0</PropertyType><PropertyName>Format</PropertyName><PropertyValue>1203</PropertyValue></Property><Property><PropertyId>21</PropertyId><PropertyType>0</PropertyType><PropertyName>State</PropertyName><PropertyValue>1</PropertyValue></Property><Property><PropertyId>61</PropertyId><PropertyType>0</PropertyType><PropertyName>Validity Check</PropertyName><PropertyValue>1</PropertyValue></Property><Property><PropertyId>24</PropertyId><PropertyType>0</PropertyType><PropertyName>Field Order</PropertyName><PropertyValue>340</PropertyValue></Property><Property><PropertyId>0</PropertyId><PropertyType>0</PropertyType><PropertyName>Field Type</PropertyName><PropertyValue>11</PropertyValue></Property></Field><Field Id='1701'><Property><PropertyId>26</PropertyId><PropertyType>0</PropertyType><PropertyName>Group 2</PropertyName><PropertyValue>1</PropertyValue></Property><Property><PropertyId>206</PropertyId><PropertyType>0</PropertyType><PropertyName>Version</PropertyName><PropertyValue>85</PropertyValue></Property><Property><PropertyId>8201</PropertyId><PropertyType>4</PropertyType><PropertyName>Included Interfaces</PropertyName><PropertyValue></PropertyValue></Property><Property><PropertyId>3</PropertyId><PropertyType>0</PropertyType><PropertyName>Width</PropertyName><PropertyValue>70</PropertyValue></Property><Property><PropertyId>2</PropertyId><PropertyType>0</PropertyType><PropertyName>Top</PropertyName><PropertyValue>213</PropertyValue></Property><Property><PropertyId>1</PropertyId><PropertyType>0</PropertyType><PropertyName>Left</PropertyName><PropertyValue>145</PropertyValue></Property><Property><PropertyId>11</PropertyId><PropertyType>0</PropertyType><PropertyName>Format</PropertyName><PropertyValue>1203</PropertyValue></Property><Property><PropertyId>21</PropertyId><PropertyType>0</PropertyType><PropertyName>State</PropertyName><PropertyValue>1</PropertyValue></Property><Property><PropertyId>61</PropertyId><PropertyType>0</PropertyType><PropertyName>Validity Check</PropertyName><PropertyValue>1</PropertyValue></Property><Property><PropertyId>24</PropertyId><PropertyType>0</PropertyType><PropertyName>Field Order</PropertyName><PropertyValue>300</PropertyValue></Property><Property><PropertyId>0</PropertyId><PropertyType>0</PropertyType><PropertyName>Field Type</PropertyName><PropertyValue>11</PropertyValue></Property></Field><Field Id='1800'><Property><PropertyId>26</PropertyId><PropertyType>0</PropertyType><PropertyName>Group 2</PropertyName><PropertyValue>1</PropertyValue></Property><Property><PropertyId>25</PropertyId><PropertyType>0</PropertyType><PropertyName>Group 1</PropertyName><PropertyValue>1</PropertyValue></Property><Property><PropertyId>206</PropertyId><PropertyType>0</PropertyType><PropertyName>Version</PropertyName><PropertyValue>85</PropertyValue></Property><Property><PropertyId>8201</PropertyId><PropertyType>4</PropertyType><PropertyName>Included Interfaces</PropertyName><PropertyValue></PropertyValue></Property><Property><PropertyId>3</PropertyId><PropertyType>0</PropertyType><PropertyName>Width</PropertyName><PropertyValue>70</PropertyValue></Property><Property><PropertyId>2</PropertyId><PropertyType>0</PropertyType><PropertyName>Top</PropertyName><PropertyValue>230</PropertyValue></Property><Property><PropertyId>1</PropertyId><PropertyType>0</PropertyType><PropertyName>Left</PropertyName><PropertyValue>72</PropertyValue></Property><Property><PropertyId>11</PropertyId><PropertyType>0</PropertyType><PropertyName>Format</PropertyName><PropertyValue>1004</PropertyValue></Property><Property><PropertyId>9</PropertyId><PropertyType>0</PropertyType><PropertyName>Enabled</PropertyName><PropertyValue>0</PropertyValue></Property><Property><PropertyId>21</PropertyId><PropertyType>0</PropertyType><PropertyName>State</PropertyName><PropertyValue>1</PropertyValue></Property><Property><PropertyId>61</PropertyId><PropertyType>0</PropertyType><PropertyName>Validity Check</PropertyName><PropertyValue>1</PropertyValue></Property><Property><PropertyId>24</PropertyId><PropertyType>0</PropertyType><PropertyName>Field Order</PropertyName><PropertyValue>310</PropertyValue></Property><Property><PropertyId>0</PropertyId><PropertyType>0</PropertyType><PropertyName>Field Type</PropertyName><PropertyValue>11</PropertyValue></Property></Field><Field Id='1801'><Property><PropertyId>26</PropertyId><PropertyType>0</PropertyType><PropertyName>Group 2</PropertyName><PropertyValue>1</PropertyValue></Property><Property><PropertyId>25</PropertyId><PropertyType>0</PropertyType><PropertyName>Group 1</PropertyName><PropertyValue>1</PropertyValue></Property><Property><PropertyId>206</PropertyId><PropertyType>0</PropertyType><PropertyName>Version</PropertyName><PropertyValue>85</PropertyValue></Property><Property><PropertyId>8201</PropertyId><PropertyType>4</PropertyType><PropertyName>Included Interfaces</PropertyName><PropertyValue></PropertyValue></Property><Property><PropertyId>3</PropertyId><PropertyType>0</PropertyType><PropertyName>Width</PropertyName><PropertyValue>70</PropertyValue></Property><Property><PropertyId>2</PropertyId><PropertyType>0</PropertyType><PropertyName>Top</PropertyName><PropertyValue>230</PropertyValue></Property><Property><PropertyId>1</PropertyId><PropertyType>0</PropertyType><PropertyName>Left</PropertyName><PropertyValue>145</PropertyValue></Property><Property><PropertyId>11</PropertyId><PropertyType>0</PropertyType><PropertyName>Format</PropertyName><PropertyValue>1004</PropertyValue></Property><Property><PropertyId>9</PropertyId><PropertyType>0</PropertyType><PropertyName>Enabled</PropertyName><PropertyValue>0</PropertyValue></Property><Property><PropertyId>21</PropertyId><PropertyType>0</PropertyType><PropertyName>State</PropertyName><PropertyValue>1</PropertyValue></Property><Property><PropertyId>61</PropertyId><PropertyType>0</PropertyType><PropertyName>Validity Check</PropertyName><PropertyValue>1</PropertyValue></Property><Property><PropertyId>24</PropertyId><PropertyType>0</PropertyType><PropertyName>Field Order</PropertyName><PropertyValue>320</PropertyValue></Property><Property><PropertyId>0</PropertyId><PropertyType>0</PropertyType><PropertyName>Field Type</PropertyName><PropertyValue>11</PropertyValue></Property></Field><Field Id='2000'><Property><PropertyId>26</PropertyId><PropertyType>0</PropertyType><PropertyName>Group 2</PropertyName><PropertyValue>1</PropertyValue></Property><Property><PropertyId>207</PropertyId><PropertyType>0</PropertyType><PropertyName>Load Factor</PropertyName><PropertyValue>2</PropertyValue></Property><Property><PropertyId>206</PropertyId><PropertyType>0</PropertyType><PropertyName>Version</PropertyName><PropertyValue>85</PropertyValue></Property><Property><PropertyId>8201</PropertyId><PropertyType>4</PropertyType><PropertyName>Included Interfaces</PropertyName><PropertyValue></PropertyValue></Property><Property><PropertyId>8003</PropertyId><PropertyType>4</PropertyType><PropertyName>List Data</PropertyName><PropertyValue>32nd;e:32;I:0.01;e:100</PropertyValue></Property><Property><PropertyId>3</PropertyId><PropertyType>0</PropertyType><PropertyName>Width</PropertyName><PropertyValue>44</PropertyValue></Property><Property><PropertyId>2</PropertyId><PropertyType>0</PropertyType><PropertyName>Top</PropertyName><PropertyValue>230</PropertyValue></Property><Property><PropertyId>1</PropertyId><PropertyType>0</PropertyType><PropertyName>Left</PropertyName><PropertyValue>26</PropertyValue></Property><Property><PropertyId>22</PropertyId><PropertyType>0</PropertyType><PropertyName>Value ;l:Integer;r:</PropertyName><PropertyValue>32</PropertyValue></Property><Property><PropertyId>24</PropertyId><PropertyType>0</PropertyType><PropertyName>Field Order</PropertyName><PropertyValue>250</PropertyValue></Property><Property><PropertyId>0</PropertyId><PropertyType>0</PropertyType><PropertyName>Field Type</PropertyName><PropertyValue>20</PropertyValue></Property></Field><Field Id='90000'><Property><PropertyId>207</PropertyId><PropertyType>0</PropertyType><PropertyName>Load Factor</PropertyName><PropertyValue>2</PropertyValue></Property><Property><PropertyId>206</PropertyId><PropertyType>0</PropertyType><PropertyName>Version</PropertyName><PropertyValue>49</PropertyValue></Property><Property><PropertyId>8201</PropertyId><PropertyType>4</PropertyType><PropertyName>Included Interfaces</PropertyName><PropertyValue></PropertyValue></Property><Property><PropertyId>204</PropertyId><PropertyType>0</PropertyType><PropertyName>Maximum Instance Count</PropertyName><PropertyValue>;h:1</PropertyValue></Property><Property><PropertyId>8000</PropertyId><PropertyType>4</PropertyType><PropertyName>Title</PropertyName><PropertyValue>USERNAME</PropertyValue></Property><Property><PropertyId>2</PropertyId><PropertyType>0</PropertyType><PropertyName>Top</PropertyName><PropertyValue>58</PropertyValue></Property><Property><PropertyId>1</PropertyId><PropertyType>0</PropertyType><PropertyName>Left</PropertyName><PropertyValue>217</PropertyValue></Property><Property><PropertyId>8</PropertyId><PropertyType>0</PropertyType><PropertyName>Visible</PropertyName><PropertyValue>0</PropertyValue></Property><Property><PropertyId>9</PropertyId><PropertyType>0</PropertyType><PropertyName>Enabled</PropertyName><PropertyValue>0</PropertyValue></Property><Property><PropertyId>61</PropertyId><PropertyType>0</PropertyType><PropertyName>Validity Check</PropertyName><PropertyValue>1</PropertyValue></Property><Property><PropertyId>24</PropertyId><PropertyType>0</PropertyType><PropertyName>Field Order</PropertyName><PropertyValue>410</PropertyValue></Property><Property><PropertyId>0</PropertyId><PropertyType>0</PropertyType><PropertyName>Field Type</PropertyName><PropertyValue>13</PropertyValue></Property></Field><Field Id='99999991'><Property><PropertyId>27</PropertyId><PropertyType>0</PropertyType><PropertyName>Group 3</PropertyName><PropertyValue>1</PropertyValue></Property><Property><PropertyId>206</PropertyId><PropertyType>0</PropertyType><PropertyName>Version</PropertyName><PropertyValue>34</PropertyValue></Property><Property><PropertyId>8201</PropertyId><PropertyType>4</PropertyType><PropertyName>Included Interfaces</PropertyName><PropertyValue></PropertyValue></Property><Property><PropertyId>22</PropertyId><PropertyType>0</PropertyType><PropertyName>Value ;l:Integer;r:</PropertyName><PropertyValue>65</PropertyValue></Property><Property><PropertyId>50</PropertyId><PropertyType>0</PropertyType><PropertyName>Blink Interval</PropertyName><PropertyValue>1</PropertyValue></Property><Property><PropertyId>17</PropertyId><PropertyType>0</PropertyType><PropertyName>Back Color</PropertyName><PropertyValue>1</PropertyValue></Property><Property><PropertyId>44</PropertyId><PropertyType>0</PropertyType><PropertyName>Align</PropertyName><PropertyValue>22</PropertyValue></Property><Property><PropertyId>4</PropertyId><PropertyType>0</PropertyType><PropertyName>Height</PropertyName><PropertyValue>264</PropertyValue></Property><Property><PropertyId>3</PropertyId><PropertyType>0</PropertyType><PropertyName>Width</PropertyName><PropertyValue>487</PropertyValue></Property><Property><PropertyId>2</PropertyId><PropertyType>0</PropertyType><PropertyName>Top</PropertyName><PropertyValue>2</PropertyValue></Property><Property><PropertyId>1</PropertyId><PropertyType>0</PropertyType><PropertyName>Left</PropertyName><PropertyValue>219</PropertyValue></Property><Property><PropertyId>24</PropertyId><PropertyType>0</PropertyType><PropertyName>Field Order</PropertyName><PropertyValue>470</PropertyValue></Property><Property><PropertyId>0</PropertyId><PropertyType>0</PropertyType><PropertyName>Field Type</PropertyName><PropertyValue>31</PropertyValue></Property></Field><Field Id='99999992'><Property><PropertyId>206</PropertyId><PropertyType>0</PropertyType><PropertyName>Version</PropertyName><PropertyValue>45</PropertyValue></Property><Property><PropertyId>8201</PropertyId><PropertyType>4</PropertyType><PropertyName>Included Interfaces</PropertyName><PropertyValue></PropertyValue></Property><Property><PropertyId>4</PropertyId><PropertyType>0</PropertyType><PropertyName>Height</PropertyName><PropertyValue>0</PropertyValue></Property><Property><PropertyId>3</PropertyId><PropertyType>0</PropertyType><PropertyName>Width</PropertyName><PropertyValue>0</PropertyValue></Property><Property><PropertyId>61</PropertyId><PropertyType>0</PropertyType><PropertyName>Validity Check</PropertyName><PropertyValue>1</PropertyValue></Property><Property><PropertyId>24</PropertyId><PropertyType>0</PropertyType><PropertyName>Field Order</PropertyName><PropertyValue>420</PropertyValue></Property><Property><PropertyId>0</PropertyId><PropertyType>0</PropertyType><PropertyName>Field Type</PropertyName><PropertyValue>13</PropertyValue></Property></Field><Field Id='99999993'><Property><PropertyId>206</PropertyId><PropertyType>0</PropertyType><PropertyName>Version</PropertyName><PropertyValue>43</PropertyValue></Property><Property><PropertyId>8201</PropertyId><PropertyType>4</PropertyType><PropertyName>Included Interfaces</PropertyName><PropertyValue></PropertyValue></Property><Property><PropertyId>3</PropertyId><PropertyType>0</PropertyType><PropertyName>Width</PropertyName><PropertyValue>145</PropertyValue></Property><Property><PropertyId>1</PropertyId><PropertyType>0</PropertyType><PropertyName>Left</PropertyName><PropertyValue>;h:1</PropertyValue></Property><Property><PropertyId>8</PropertyId><PropertyType>0</PropertyType><PropertyName>Visible</PropertyName><PropertyValue>0</PropertyValue></Property><Property><PropertyId>24</PropertyId><PropertyType>0</PropertyType><PropertyName>Field Order</PropertyName><PropertyValue>440</PropertyValue></Property><Property><PropertyId>0</PropertyId><PropertyType>0</PropertyType><PropertyName>Field Type</PropertyName><PropertyValue>13</PropertyValue></Property></Field><Field Id='99999996'><Property><PropertyId>206</PropertyId><PropertyType>0</PropertyType><PropertyName>Version</PropertyName><PropertyValue>71</PropertyValue></Property><Property><PropertyId>8201</PropertyId><PropertyType>4</PropertyType><PropertyName>Included Interfaces</PropertyName><PropertyValue></PropertyValue></Property><Property><PropertyId>8</PropertyId><PropertyType>0</PropertyType><PropertyName>Visible</PropertyName><PropertyValue>0</PropertyValue></Property><Property><PropertyId>61</PropertyId><PropertyType>0</PropertyType><PropertyName>Validity Check</PropertyName><PropertyValue>1</PropertyValue></Property><Property><PropertyId>24</PropertyId><PropertyType>0</PropertyType><PropertyName>Field Order</PropertyName><PropertyValue>260</PropertyValue></Property><Property><PropertyId>0</PropertyId><PropertyType>0</PropertyType><PropertyName>Field Type</PropertyName><PropertyValue>13</PropertyValue></Property></Field><Field Id='99999999'><Property><PropertyId>207</PropertyId><PropertyType>0</PropertyType><PropertyName>Load Factor</PropertyName><PropertyValue>2</PropertyValue></Property><Property><PropertyId>206</PropertyId><PropertyType>0</PropertyType><PropertyName>Version</PropertyName><PropertyValue>85</PropertyValue></Property><Property><PropertyId>8201</PropertyId><PropertyType>4</PropertyType><PropertyName>Included Interfaces</PropertyName><PropertyValue></PropertyValue></Property><Property><PropertyId>6</PropertyId><PropertyType>0</PropertyType><PropertyName>Title Width</PropertyName><PropertyValue>70</PropertyValue></Property><Property><PropertyId>3</PropertyId><PropertyType>0</PropertyType><PropertyName>Width</PropertyName><PropertyValue>120</PropertyValue></Property><Property><PropertyId>2</PropertyId><PropertyType>0</PropertyType><PropertyName>Top</PropertyName><PropertyValue>4</PropertyValue></Property><Property><PropertyId>8</PropertyId><PropertyType>0</PropertyType><PropertyName>Visible</PropertyName><PropertyValue>0</PropertyValue></Property><Property><PropertyId>61</PropertyId><PropertyType>0</PropertyType><PropertyName>Validity Check</PropertyName><PropertyValue>1</PropertyValue></Property><Property><PropertyId>24</PropertyId><PropertyType>0</PropertyType><PropertyName>Field Order</PropertyName><PropertyValue>270</PropertyValue></Property><Property><PropertyId>0</PropertyId><PropertyType>0</PropertyType><PropertyName>Field Type</PropertyName><PropertyValue>13</PropertyValue></Property></Field><Field Id='100000000'><Property><PropertyId>207</PropertyId><PropertyType>0</PropertyType><PropertyName>Load Factor</PropertyName><PropertyValue>2</PropertyValue></Property><Property><PropertyId>206</PropertyId><PropertyType>0</PropertyType><PropertyName>Version</PropertyName><PropertyValue>84</PropertyValue></Property><Property><PropertyId>8201</PropertyId><PropertyType>4</PropertyType><PropertyName>Included Interfaces</PropertyName><PropertyValue></PropertyValue></Property><Property><PropertyId>6</PropertyId><PropertyType>0</PropertyType><PropertyName>Title Width</PropertyName><PropertyValue>65</PropertyValue></Property><Property><PropertyId>8000</PropertyId><PropertyType>4</PropertyType><PropertyName>Title</PropertyName><PropertyValue>Bid</PropertyValue></Property><Property><PropertyId>4</PropertyId><PropertyType>0</PropertyType><PropertyName>Height</PropertyName><PropertyValue>16</PropertyValue></Property><Property><PropertyId>3</PropertyId><PropertyType>0</PropertyType><PropertyName>Width</PropertyName><PropertyValue>65</PropertyValue></Property><Property><PropertyId>2</PropertyId><PropertyType>0</PropertyType><PropertyName>Top</PropertyName><PropertyValue>78</PropertyValue></Property><Property><PropertyId>1</PropertyId><PropertyType>0</PropertyType><PropertyName>Left</PropertyName><PropertyValue>77</PropertyValue></Property><Property><PropertyId>24</PropertyId><PropertyType>0</PropertyType><PropertyName>Field Order</PropertyName><PropertyValue>280</PropertyValue></Property><Property><PropertyId>0</PropertyId><PropertyType>0</PropertyType><PropertyName>Field Type</PropertyName><PropertyValue>0</PropertyValue></Property></Field><Field Id='100000001'><Property><PropertyId>207</PropertyId><PropertyType>0</PropertyType><PropertyName>Load Factor</PropertyName><PropertyValue>2</PropertyValue></Property><Property><PropertyId>206</PropertyId><PropertyType>0</PropertyType><PropertyName>Version</PropertyName><PropertyValue>85</PropertyValue></Property><Property><PropertyId>8201</PropertyId><PropertyType>4</PropertyType><PropertyName>Included Interfaces</PropertyName><PropertyValue></PropertyValue></Property><Property><PropertyId>6</PropertyId><PropertyType>0</PropertyType><PropertyName>Title Width</PropertyName><PropertyValue>65</PropertyValue></Property><Property><PropertyId>8000</PropertyId><PropertyType>4</PropertyType><PropertyName>Title</PropertyName><PropertyValue>Ask</PropertyValue></Property><Property><PropertyId>4</PropertyId><PropertyType>0</PropertyType><PropertyName>Height</PropertyName><PropertyValue>16</PropertyValue></Property><Property><PropertyId>3</PropertyId><PropertyType>0</PropertyType><PropertyName>Width</PropertyName><PropertyValue>70</PropertyValue></Property><Property><PropertyId>2</PropertyId><PropertyType>0</PropertyType><PropertyName>Top</PropertyName><PropertyValue>78</PropertyValue></Property><Property><PropertyId>1</PropertyId><PropertyType>0</PropertyType><PropertyName>Left</PropertyName><PropertyValue>145</PropertyValue></Property><Property><PropertyId>24</PropertyId><PropertyType>0</PropertyType><PropertyName>Field Order</PropertyName><PropertyValue>290</PropertyValue></Property><Property><PropertyId>0</PropertyId><PropertyType>0</PropertyType><PropertyName>Field Type</PropertyName><PropertyValue>0</PropertyValue></Property></Field><Field Id='100000002'><Property><PropertyId>36</PropertyId><PropertyType>0</PropertyType><PropertyName>Action Group 3</PropertyName><PropertyValue>1</PropertyValue></Property><Property><PropertyId>28</PropertyId><PropertyType>0</PropertyType><PropertyName>Action Type</PropertyName><PropertyValue>4</PropertyValue></Property><Property><PropertyId>8003</PropertyId><PropertyType>4</PropertyType><PropertyName>List Data</PropertyName><PropertyValue>\;e:&gt;;I:&lt;\;e:</PropertyValue></Property><Property><PropertyId>4</PropertyId><PropertyType>0</PropertyType><PropertyName>Height</PropertyName><PropertyValue>18</PropertyValue></Property><Property><PropertyId>3</PropertyId><PropertyType>0</PropertyType><PropertyName>Width</PropertyName><PropertyValue>20</PropertyValue></Property><Property><PropertyId>2</PropertyId><PropertyType>0</PropertyType><PropertyName>Top</PropertyName><PropertyValue>2</PropertyValue></Property><Property><PropertyId>1</PropertyId><PropertyType>0</PropertyType><PropertyName>Left</PropertyName><PropertyValue>194</PropertyValue></Property><Property><PropertyId>24</PropertyId><PropertyType>0</PropertyType><PropertyName>Field Order</PropertyName><PropertyValue>480</PropertyValue></Property><Property><PropertyId>0</PropertyId><PropertyType>0</PropertyType><PropertyName>Field Type</PropertyName><PropertyValue>22</PropertyValue></Property></Field></Fields>