<?xml version='1.0' encoding='utf-8'?><Fields><CommonDetails Id='1'><Property><PropertyId>9998</PropertyId><PropertyType>0</PropertyType><PropertyName>Height</PropertyName><PropertyValue>869</PropertyValue></Property><Property><PropertyId>9999</PropertyId><PropertyType>0</PropertyType><PropertyName>Width</PropertyName><PropertyValue>904</PropertyValue></Property><Property><PropertyId>8202</PropertyId><PropertyType>4</PropertyType><PropertyName>Systems</PropertyName><PropertyValue>+DevI:TTNewYorkI:TTLondonI:Online</PropertyValue></Property><Property><PropertyId>207</PropertyId><PropertyType>0</PropertyType><PropertyName>Load Factor</PropertyName><PropertyValue>1</PropertyValue></Property><Property><PropertyId>206</PropertyId><PropertyType>0</PropertyType><PropertyName>Version</PropertyName><PropertyValue>3</PropertyValue></Property><Property><PropertyId>8201</PropertyId><PropertyType>4</PropertyType><PropertyName>Included Interfaces</PropertyName><PropertyValue></PropertyValue></Property><Property><PropertyId>43</PropertyId><PropertyType>0</PropertyType><PropertyName>Category</PropertyName><PropertyValue>512</PropertyValue></Property><Property><PropertyId>204</PropertyId><PropertyType>0</PropertyType><PropertyName>Maximum Instance Count</PropertyName><PropertyValue>h:1</PropertyValue></Property><Property><PropertyId>203</PropertyId><PropertyType>0</PropertyType><PropertyName>Deferred Delete Time</PropertyName><PropertyValue>2</PropertyValue></Property><Property><PropertyId>8200</PropertyId><PropertyType>4</PropertyType><PropertyName>Exe File</PropertyName><PropertyValue>DataViewerUtilApp.exe</PropertyValue></Property><Property><PropertyId>8000</PropertyId><PropertyType>4</PropertyType><PropertyName>Title</PropertyName><PropertyValue>Realtime Data Viewer</PropertyValue></Property><Property><PropertyId>0</PropertyId><PropertyType>0</PropertyType><PropertyName>Field Type</PropertyName><PropertyValue>4</PropertyValue></Property></CommonDetails><Field Id='1'><Property><PropertyId>207</PropertyId><PropertyType>0</PropertyType><PropertyName>Load Factor</PropertyName><PropertyValue>2</PropertyValue></Property><Property><PropertyId>206</PropertyId><PropertyType>0</PropertyType><PropertyName>Version</PropertyName><PropertyValue>74</PropertyValue></Property><Property><PropertyId>8201</PropertyId><PropertyType>4</PropertyType><PropertyName>Included Interfaces</PropertyName><PropertyValue></PropertyValue></Property><Property><PropertyId>205</PropertyId><PropertyType>0</PropertyType><PropertyName>Field Server Flags</PropertyName><PropertyValue>32</PropertyValue></Property><Property><PropertyId>5</PropertyId><PropertyType>0</PropertyType><PropertyName>Justify</PropertyName><PropertyValue>h:1</PropertyValue></Property><Property><PropertyId>6</PropertyId><PropertyType>0</PropertyType><PropertyName>Title Width</PropertyName><PropertyValue>80</PropertyValue></Property><Property><PropertyId>8000</PropertyId><PropertyType>4</PropertyType><PropertyName>Title</PropertyName><PropertyValue>Funny Name</PropertyValue></Property><Property><PropertyId>3</PropertyId><PropertyType>0</PropertyType><PropertyName>Width</PropertyName><PropertyValue>451</PropertyValue></Property><Property><PropertyId>2</PropertyId><PropertyType>0</PropertyType><PropertyName>Top</PropertyName><PropertyValue>5</PropertyValue></Property><Property><PropertyId>1</PropertyId><PropertyType>0</PropertyType><PropertyName>Left</PropertyName><PropertyValue>3</PropertyValue></Property><Property><PropertyId>46</PropertyId><PropertyType>0</PropertyType><PropertyName>Blankable</PropertyName><PropertyValue>0</PropertyValue></Property><Property><PropertyId>10</PropertyId><PropertyType>0</PropertyType><PropertyName>Manual</PropertyName><PropertyValue>1</PropertyValue></Property><Property><PropertyId>21</PropertyId><PropertyType>0</PropertyType><PropertyName>State</PropertyName><PropertyValue>1</PropertyValue></Property><Property><PropertyId>24</PropertyId><PropertyType>0</PropertyType><PropertyName>Field Order</PropertyName><PropertyValue>10</PropertyValue></Property><Property><PropertyId>0</PropertyId><PropertyType>0</PropertyType><PropertyName>Field Type</PropertyName><PropertyValue>13</PropertyValue></Property></Field><Field Id='2'><Property><PropertyId>207</PropertyId><PropertyType>0</PropertyType><PropertyName>Load Factor</PropertyName><PropertyValue>2</PropertyValue></Property><Property><PropertyId>206</PropertyId><PropertyType>0</PropertyType><PropertyName>Version</PropertyName><PropertyValue>74</PropertyValue></Property><Property><PropertyId>8201</PropertyId><PropertyType>4</PropertyType><PropertyName>Included Interfaces</PropertyName><PropertyValue></PropertyValue></Property><Property><PropertyId>205</PropertyId><PropertyType>0</PropertyType><PropertyName>Field Server Flags</PropertyName><PropertyValue>32</PropertyValue></Property><Property><PropertyId>8003</PropertyId><PropertyType>4</PropertyType><PropertyName>List Data</PropertyName><PropertyValue>e:0</PropertyValue></Property><Property><PropertyId>8000</PropertyId><PropertyType>4</PropertyType><PropertyName>Title</PropertyName><PropertyValue> </PropertyValue></Property><Property><PropertyId>3</PropertyId><PropertyType>0</PropertyType><PropertyName>Width</PropertyName><PropertyValue>57</PropertyValue></Property><Property><PropertyId>2</PropertyId><PropertyType>0</PropertyType><PropertyName>Top</PropertyName><PropertyValue>5</PropertyValue></Property><Property><PropertyId>1</PropertyId><PropertyType>0</PropertyType><PropertyName>Left</PropertyName><PropertyValue>513</PropertyValue></Property><Property><PropertyId>10</PropertyId><PropertyType>0</PropertyType><PropertyName>Manual</PropertyName><PropertyValue>1</PropertyValue></Property><Property><PropertyId>24</PropertyId><PropertyType>0</PropertyType><PropertyName>Field Order</PropertyName><PropertyValue>20</PropertyValue></Property><Property><PropertyId>0</PropertyId><PropertyType>0</PropertyType><PropertyName>Field Type</PropertyName><PropertyValue>20</PropertyValue></Property></Field><Field Id='3'><Property><PropertyId>207</PropertyId><PropertyType>0</PropertyType><PropertyName>Load Factor</PropertyName><PropertyValue>2</PropertyValue></Property><Property><PropertyId>206</PropertyId><PropertyType>0</PropertyType><PropertyName>Version</PropertyName><PropertyValue>31</PropertyValue></Property><Property><PropertyId>8201</PropertyId><PropertyType>4</PropertyType><PropertyName>Included Interfaces</PropertyName><PropertyValue></PropertyValue></Property><Property><PropertyId>204</PropertyId><PropertyType>0</PropertyType><PropertyName>Maximum Instance Count</PropertyName><PropertyValue>h:1</PropertyValue></Property><Property><PropertyId>8003</PropertyId><PropertyType>4</PropertyType><PropertyName>List Data</PropertyName><PropertyValue>Normal GridI:Transposed</PropertyValue></Property><Property><PropertyId>5</PropertyId><PropertyType>0</PropertyType><PropertyName>Justify</PropertyName><PropertyValue>h:1</PropertyValue></Property><Property><PropertyId>8000</PropertyId><PropertyType>4</PropertyType><PropertyName>Title</PropertyName><PropertyValue>Show</PropertyValue></Property><Property><PropertyId>3</PropertyId><PropertyType>0</PropertyType><PropertyName>Width</PropertyName><PropertyValue>87</PropertyValue></Property><Property><PropertyId>2</PropertyId><PropertyType>0</PropertyType><PropertyName>Top</PropertyName><PropertyValue>5</PropertyValue></Property><Property><PropertyId>1</PropertyId><PropertyType>0</PropertyType><PropertyName>Left</PropertyName><PropertyValue>571</PropertyValue></Property><Property><PropertyId>10</PropertyId><PropertyType>0</PropertyType><PropertyName>Manual</PropertyName><PropertyValue>1</PropertyValue></Property><Property><PropertyId>22</PropertyId><PropertyType>0</PropertyType><PropertyName>Value l:Integerr:</PropertyName><PropertyValue>1</PropertyValue></Property><Property><PropertyId>24</PropertyId><PropertyType>0</PropertyType><PropertyName>Field Order</PropertyName><PropertyValue>160</PropertyValue></Property><Property><PropertyId>0</PropertyId><PropertyType>0</PropertyType><PropertyName>Field Type</PropertyName><PropertyValue>20</PropertyValue></Property></Field><Field Id='4'><Property><PropertyId>207</PropertyId><PropertyType>0</PropertyType><PropertyName>Load Factor</PropertyName><PropertyValue>2</PropertyValue></Property><Property><PropertyId>206</PropertyId><PropertyType>0</PropertyType><PropertyName>Version</PropertyName><PropertyValue>31</PropertyValue></Property><Property><PropertyId>8201</PropertyId><PropertyType>4</PropertyType><PropertyName>Included Interfaces</PropertyName><PropertyValue></PropertyValue></Property><Property><PropertyId>204</PropertyId><PropertyType>0</PropertyType><PropertyName>Maximum Instance Count</PropertyName><PropertyValue>h:1</PropertyValue></Property><Property><PropertyId>8003</PropertyId><PropertyType>4</PropertyType><PropertyName>List Data</PropertyName><PropertyValue>No StampI:Timestamp</PropertyValue></Property><Property><PropertyId>5</PropertyId><PropertyType>0</PropertyType><PropertyName>Justify</PropertyName><PropertyValue>h:1</PropertyValue></Property><Property><PropertyId>8000</PropertyId><PropertyType>4</PropertyType><PropertyName>Title</PropertyName><PropertyValue>Timestamp</PropertyValue></Property><Property><PropertyId>3</PropertyId><PropertyType>0</PropertyType><PropertyName>Width</PropertyName><PropertyValue>70</PropertyValue></Property><Property><PropertyId>2</PropertyId><PropertyType>0</PropertyType><PropertyName>Top</PropertyName><PropertyValue>5</PropertyValue></Property><Property><PropertyId>1</PropertyId><PropertyType>0</PropertyType><PropertyName>Left</PropertyName><PropertyValue>659</PropertyValue></Property><Property><PropertyId>10</PropertyId><PropertyType>0</PropertyType><PropertyName>Manual</PropertyName><PropertyValue>1</PropertyValue></Property><Property><PropertyId>24</PropertyId><PropertyType>0</PropertyType><PropertyName>Field Order</PropertyName><PropertyValue>170</PropertyValue></Property><Property><PropertyId>0</PropertyId><PropertyType>0</PropertyType><PropertyName>Field Type</PropertyName><PropertyValue>20</PropertyValue></Property></Field><Field Id='7'><Property><PropertyId>206</PropertyId><PropertyType>0</PropertyType><PropertyName>Version</PropertyName><PropertyValue>33</PropertyValue></Property><Property><PropertyId>8201</PropertyId><PropertyType>4</PropertyType><PropertyName>Included Interfaces</PropertyName><PropertyValue></PropertyValue></Property><Property><PropertyId>3</PropertyId><PropertyType>0</PropertyType><PropertyName>Width</PropertyName><PropertyValue>57</PropertyValue></Property><Property><PropertyId>2</PropertyId><PropertyType>0</PropertyType><PropertyName>Top</PropertyName><PropertyValue>5</PropertyValue></Property><Property><PropertyId>1</PropertyId><PropertyType>0</PropertyType><PropertyName>Left</PropertyName><PropertyValue>455</PropertyValue></Property><Property><PropertyId>9</PropertyId><PropertyType>0</PropertyType><PropertyName>Enabled</PropertyName><PropertyValue>0</PropertyValue></Property><Property><PropertyId>24</PropertyId><PropertyType>0</PropertyType><PropertyName>Field Order</PropertyName><PropertyValue>120</PropertyValue></Property><Property><PropertyId>0</PropertyId><PropertyType>0</PropertyType><PropertyName>Field Type</PropertyName><PropertyValue>13</PropertyValue></Property></Field><Field Id='30'><Property><PropertyId>47</PropertyId><PropertyType>0</PropertyType><PropertyName>Popup Widget Group</PropertyName><PropertyValue>39</PropertyValue></Property><Property><PropertyId>206</PropertyId><PropertyType>0</PropertyType><PropertyName>Version</PropertyName><PropertyValue>33</PropertyValue></Property><Property><PropertyId>8201</PropertyId><PropertyType>4</PropertyType><PropertyName>Included Interfaces</PropertyName><PropertyValue></PropertyValue></Property><Property><PropertyId>205</PropertyId><PropertyType>0</PropertyType><PropertyName>Field Server Flags</PropertyName><PropertyValue>32</PropertyValue></Property><Property><PropertyId>8003</PropertyId><PropertyType>4</PropertyType><PropertyName>List Data</PropertyName><PropertyValue>e:0</PropertyValue></Property><Property><PropertyId>5</PropertyId><PropertyType>0</PropertyType><PropertyName>Justify</PropertyName><PropertyValue>h:1</PropertyValue></Property><Property><PropertyId>6</PropertyId><PropertyType>0</PropertyType><PropertyName>Title Width</PropertyName><PropertyValue>75</PropertyValue></Property><Property><PropertyId>8000</PropertyId><PropertyType>4</PropertyType><PropertyName>Title</PropertyName><PropertyValue>Instrument</PropertyValue></Property><Property><PropertyId>3</PropertyId><PropertyType>0</PropertyType><PropertyName>Width</PropertyName><PropertyValue>240</PropertyValue></Property><Property><PropertyId>2</PropertyId><PropertyType>0</PropertyType><PropertyName>Top</PropertyName><PropertyValue>144</PropertyValue></Property><Property><PropertyId>1</PropertyId><PropertyType>0</PropertyType><PropertyName>Left</PropertyName><PropertyValue>622</PropertyValue></Property><Property><PropertyId>46</PropertyId><PropertyType>0</PropertyType><PropertyName>Blankable</PropertyName><PropertyValue>1</PropertyValue></Property><Property><PropertyId>8</PropertyId><PropertyType>0</PropertyType><PropertyName>Visible</PropertyName><PropertyValue>0</PropertyValue></Property><Property><PropertyId>10</PropertyId><PropertyType>0</PropertyType><PropertyName>Manual</PropertyName><PropertyValue>1</PropertyValue></Property><Property><PropertyId>21</PropertyId><PropertyType>0</PropertyType><PropertyName>State</PropertyName><PropertyValue>1</PropertyValue></Property><Property><PropertyId>24</PropertyId><PropertyType>0</PropertyType><PropertyName>Field Order</PropertyName><PropertyValue>130</PropertyValue></Property><Property><PropertyId>0</PropertyId><PropertyType>0</PropertyType><PropertyName>Field Type</PropertyName><PropertyValue>20</PropertyValue></Property></Field><Field Id='31'><Property><PropertyId>47</PropertyId><PropertyType>0</PropertyType><PropertyName>Popup Widget Group</PropertyName><PropertyValue>39</PropertyValue></Property><Property><PropertyId>206</PropertyId><PropertyType>0</PropertyType><PropertyName>Version</PropertyName><PropertyValue>33</PropertyValue></Property><Property><PropertyId>8201</PropertyId><PropertyType>4</PropertyType><PropertyName>Included Interfaces</PropertyName><PropertyValue></PropertyValue></Property><Property><PropertyId>205</PropertyId><PropertyType>0</PropertyType><PropertyName>Field Server Flags</PropertyName><PropertyValue>32</PropertyValue></Property><Property><PropertyId>5</PropertyId><PropertyType>0</PropertyType><PropertyName>Justify</PropertyName><PropertyValue>h:1</PropertyValue></Property><Property><PropertyId>6</PropertyId><PropertyType>0</PropertyType><PropertyName>Title Width</PropertyName><PropertyValue>75</PropertyValue></Property><Property><PropertyId>8000</PropertyId><PropertyType>4</PropertyType><PropertyName>Title</PropertyName><PropertyValue>Currency</PropertyValue></Property><Property><PropertyId>3</PropertyId><PropertyType>0</PropertyType><PropertyName>Width</PropertyName><PropertyValue>240</PropertyValue></Property><Property><PropertyId>2</PropertyId><PropertyType>0</PropertyType><PropertyName>Top</PropertyName><PropertyValue>162</PropertyValue></Property><Property><PropertyId>1</PropertyId><PropertyType>0</PropertyType><PropertyName>Left</PropertyName><PropertyValue>622</PropertyValue></Property><Property><PropertyId>46</PropertyId><PropertyType>0</PropertyType><PropertyName>Blankable</PropertyName><PropertyValue>1</PropertyValue></Property><Property><PropertyId>8</PropertyId><PropertyType>0</PropertyType><PropertyName>Visible</PropertyName><PropertyValue>0</PropertyValue></Property><Property><PropertyId>10</PropertyId><PropertyType>0</PropertyType><PropertyName>Manual</PropertyName><PropertyValue>1</PropertyValue></Property><Property><PropertyId>21</PropertyId><PropertyType>0</PropertyType><PropertyName>State</PropertyName><PropertyValue>1</PropertyValue></Property><Property><PropertyId>24</PropertyId><PropertyType>0</PropertyType><PropertyName>Field Order</PropertyName><PropertyValue>50</PropertyValue></Property><Property><PropertyId>0</PropertyId><PropertyType>0</PropertyType><PropertyName>Field Type</PropertyName><PropertyValue>50</PropertyValue></Property></Field><Field Id='32'><Property><PropertyId>47</PropertyId><PropertyType>0</PropertyType><PropertyName>Popup Widget Group</PropertyName><PropertyValue>39</PropertyValue></Property><Property><PropertyId>206</PropertyId><PropertyType>0</PropertyType><PropertyName>Version</PropertyName><PropertyValue>58</PropertyValue></Property><Property><PropertyId>8201</PropertyId><PropertyType>4</PropertyType><PropertyName>Included Interfaces</PropertyName><PropertyValue></PropertyValue></Property><Property><PropertyId>205</PropertyId><PropertyType>0</PropertyType><PropertyName>Field Server Flags</PropertyName><PropertyValue>32</PropertyValue></Property><Property><PropertyId>5</PropertyId><PropertyType>0</PropertyType><PropertyName>Justify</PropertyName><PropertyValue>h:1</PropertyValue></Property><Property><PropertyId>6</PropertyId><PropertyType>0</PropertyType><PropertyName>Title Width</PropertyName><PropertyValue>75</PropertyValue></Property><Property><PropertyId>8000</PropertyId><PropertyType>4</PropertyType><PropertyName>Title</PropertyName><PropertyValue>Currency 2</PropertyValue></Property><Property><PropertyId>3</PropertyId><PropertyType>0</PropertyType><PropertyName>Width</PropertyName><PropertyValue>240</PropertyValue></Property><Property><PropertyId>2</PropertyId><PropertyType>0</PropertyType><PropertyName>Top</PropertyName><PropertyValue>180</PropertyValue></Property><Property><PropertyId>1</PropertyId><PropertyType>0</PropertyType><PropertyName>Left</PropertyName><PropertyValue>622</PropertyValue></Property><Property><PropertyId>46</PropertyId><PropertyType>0</PropertyType><PropertyName>Blankable</PropertyName><PropertyValue>1</PropertyValue></Property><Property><PropertyId>8</PropertyId><PropertyType>0</PropertyType><PropertyName>Visible</PropertyName><PropertyValue>0</PropertyValue></Property><Property><PropertyId>10</PropertyId><PropertyType>0</PropertyType><PropertyName>Manual</PropertyName><PropertyValue>1</PropertyValue></Property><Property><PropertyId>21</PropertyId><PropertyType>0</PropertyType><PropertyName>State</PropertyName><PropertyValue>1</PropertyValue></Property><Property><PropertyId>24</PropertyId><PropertyType>0</PropertyType><PropertyName>Field Order</PropertyName><PropertyValue>60</PropertyValue></Property><Property><PropertyId>0</PropertyId><PropertyType>0</PropertyType><PropertyName>Field Type</PropertyName><PropertyValue>50</PropertyValue></Property></Field><Field Id='33'><Property><PropertyId>47</PropertyId><PropertyType>0</PropertyType><PropertyName>Popup Widget Group</PropertyName><PropertyValue>39</PropertyValue></Property><Property><PropertyId>206</PropertyId><PropertyType>0</PropertyType><PropertyName>Version</PropertyName><PropertyValue>58</PropertyValue></Property><Property><PropertyId>8201</PropertyId><PropertyType>4</PropertyType><PropertyName>Included Interfaces</PropertyName><PropertyValue></PropertyValue></Property><Property><PropertyId>205</PropertyId><PropertyType>0</PropertyType><PropertyName>Field Server Flags</PropertyName><PropertyValue>32</PropertyValue></Property><Property><PropertyId>8003</PropertyId><PropertyType>4</PropertyType><PropertyName>List Data</PropertyName><PropertyValue>e:0</PropertyValue></Property><Property><PropertyId>5</PropertyId><PropertyType>0</PropertyType><PropertyName>Justify</PropertyName><PropertyValue>h:1</PropertyValue></Property><Property><PropertyId>6</PropertyId><PropertyType>0</PropertyType><PropertyName>Title Width</PropertyName><PropertyValue>75</PropertyValue></Property><Property><PropertyId>8000</PropertyId><PropertyType>4</PropertyType><PropertyName>Title</PropertyName><PropertyValue>Provider</PropertyValue></Property><Property><PropertyId>3</PropertyId><PropertyType>0</PropertyType><PropertyName>Width</PropertyName><PropertyValue>240</PropertyValue></Property><Property><PropertyId>2</PropertyId><PropertyType>0</PropertyType><PropertyName>Top</PropertyName><PropertyValue>198</PropertyValue></Property><Property><PropertyId>1</PropertyId><PropertyType>0</PropertyType><PropertyName>Left</PropertyName><PropertyValue>622</PropertyValue></Property><Property><PropertyId>46</PropertyId><PropertyType>0</PropertyType><PropertyName>Blankable</PropertyName><PropertyValue>1</PropertyValue></Property><Property><PropertyId>8</PropertyId><PropertyType>0</PropertyType><PropertyName>Visible</PropertyName><PropertyValue>0</PropertyValue></Property><Property><PropertyId>10</PropertyId><PropertyType>0</PropertyType><PropertyName>Manual</PropertyName><PropertyValue>1</PropertyValue></Property><Property><PropertyId>21</PropertyId><PropertyType>0</PropertyType><PropertyName>State</PropertyName><PropertyValue>1</PropertyValue></Property><Property><PropertyId>24</PropertyId><PropertyType>0</PropertyType><PropertyName>Field Order</PropertyName><PropertyValue>70</PropertyValue></Property><Property><PropertyId>0</PropertyId><PropertyType>0</PropertyType><PropertyName>Field Type</PropertyName><PropertyValue>20</PropertyValue></Property></Field><Field Id='34'><Property><PropertyId>47</PropertyId><PropertyType>0</PropertyType><PropertyName>Popup Widget Group</PropertyName><PropertyValue>39</PropertyValue></Property><Property><PropertyId>206</PropertyId><PropertyType>0</PropertyType><PropertyName>Version</PropertyName><PropertyValue>58</PropertyValue></Property><Property><PropertyId>8201</PropertyId><PropertyType>4</PropertyType><PropertyName>Included Interfaces</PropertyName><PropertyValue></PropertyValue></Property><Property><PropertyId>205</PropertyId><PropertyType>0</PropertyType><PropertyName>Field Server Flags</PropertyName><PropertyValue>32</PropertyValue></Property><Property><PropertyId>8003</PropertyId><PropertyType>4</PropertyType><PropertyName>List Data</PropertyName><PropertyValue>e:0</PropertyValue></Property><Property><PropertyId>5</PropertyId><PropertyType>0</PropertyType><PropertyName>Justify</PropertyName><PropertyValue>h:1</PropertyValue></Property><Property><PropertyId>6</PropertyId><PropertyType>0</PropertyType><PropertyName>Title Width</PropertyName><PropertyValue>75</PropertyValue></Property><Property><PropertyId>8000</PropertyId><PropertyType>4</PropertyType><PropertyName>Title</PropertyName><PropertyValue>Source</PropertyValue></Property><Property><PropertyId>3</PropertyId><PropertyType>0</PropertyType><PropertyName>Width</PropertyName><PropertyValue>240</PropertyValue></Property><Property><PropertyId>2</PropertyId><PropertyType>0</PropertyType><PropertyName>Top</PropertyName><PropertyValue>216</PropertyValue></Property><Property><PropertyId>1</PropertyId><PropertyType>0</PropertyType><PropertyName>Left</PropertyName><PropertyValue>622</PropertyValue></Property><Property><PropertyId>46</PropertyId><PropertyType>0</PropertyType><PropertyName>Blankable</PropertyName><PropertyValue>1</PropertyValue></Property><Property><PropertyId>8</PropertyId><PropertyType>0</PropertyType><PropertyName>Visible</PropertyName><PropertyValue>0</PropertyValue></Property><Property><PropertyId>10</PropertyId><PropertyType>0</PropertyType><PropertyName>Manual</PropertyName><PropertyValue>1</PropertyValue></Property><Property><PropertyId>21</PropertyId><PropertyType>0</PropertyType><PropertyName>State</PropertyName><PropertyValue>1</PropertyValue></Property><Property><PropertyId>24</PropertyId><PropertyType>0</PropertyType><PropertyName>Field Order</PropertyName><PropertyValue>80</PropertyValue></Property><Property><PropertyId>0</PropertyId><PropertyType>0</PropertyType><PropertyName>Field Type</PropertyName><PropertyValue>20</PropertyValue></Property></Field><Field Id='35'><Property><PropertyId>47</PropertyId><PropertyType>0</PropertyType><PropertyName>Popup Widget Group</PropertyName><PropertyValue>39</PropertyValue></Property><Property><PropertyId>206</PropertyId><PropertyType>0</PropertyType><PropertyName>Version</PropertyName><PropertyValue>58</PropertyValue></Property><Property><PropertyId>8201</PropertyId><PropertyType>4</PropertyType><PropertyName>Included Interfaces</PropertyName><PropertyValue></PropertyValue></Property><Property><PropertyId>205</PropertyId><PropertyType>0</PropertyType><PropertyName>Field Server Flags</PropertyName><PropertyValue>32</PropertyValue></Property><Property><PropertyId>5</PropertyId><PropertyType>0</PropertyType><PropertyName>Justify</PropertyName><PropertyValue>h:1</PropertyValue></Property><Property><PropertyId>6</PropertyId><PropertyType>0</PropertyType><PropertyName>Title Width</PropertyName><PropertyValue>75</PropertyValue></Property><Property><PropertyId>8000</PropertyId><PropertyType>4</PropertyType><PropertyName>Title</PropertyName><PropertyValue>Spare 1</PropertyValue></Property><Property><PropertyId>3</PropertyId><PropertyType>0</PropertyType><PropertyName>Width</PropertyName><PropertyValue>240</PropertyValue></Property><Property><PropertyId>2</PropertyId><PropertyType>0</PropertyType><PropertyName>Top</PropertyName><PropertyValue>234</PropertyValue></Property><Property><PropertyId>1</PropertyId><PropertyType>0</PropertyType><PropertyName>Left</PropertyName><PropertyValue>622</PropertyValue></Property><Property><PropertyId>8</PropertyId><PropertyType>0</PropertyType><PropertyName>Visible</PropertyName><PropertyValue>0</PropertyValue></Property><Property><PropertyId>10</PropertyId><PropertyType>0</PropertyType><PropertyName>Manual</PropertyName><PropertyValue>1</PropertyValue></Property><Property><PropertyId>21</PropertyId><PropertyType>0</PropertyType><PropertyName>State</PropertyName><PropertyValue>1</PropertyValue></Property><Property><PropertyId>24</PropertyId><PropertyType>0</PropertyType><PropertyName>Field Order</PropertyName><PropertyValue>90</PropertyValue></Property><Property><PropertyId>0</PropertyId><PropertyType>0</PropertyType><PropertyName>Field Type</PropertyName><PropertyValue>13</PropertyValue></Property></Field><Field Id='36'><Property><PropertyId>47</PropertyId><PropertyType>0</PropertyType><PropertyName>Popup Widget Group</PropertyName><PropertyValue>39</PropertyValue></Property><Property><PropertyId>206</PropertyId><PropertyType>0</PropertyType><PropertyName>Version</PropertyName><PropertyValue>58</PropertyValue></Property><Property><PropertyId>8201</PropertyId><PropertyType>4</PropertyType><PropertyName>Included Interfaces</PropertyName><PropertyValue></PropertyValue></Property><Property><PropertyId>205</PropertyId><PropertyType>0</PropertyType><PropertyName>Field Server Flags</PropertyName><PropertyValue>32</PropertyValue></Property><Property><PropertyId>5</PropertyId><PropertyType>0</PropertyType><PropertyName>Justify</PropertyName><PropertyValue>h:1</PropertyValue></Property><Property><PropertyId>6</PropertyId><PropertyType>0</PropertyType><PropertyName>Title Width</PropertyName><PropertyValue>75</PropertyValue></Property><Property><PropertyId>8000</PropertyId><PropertyType>4</PropertyType><PropertyName>Title</PropertyName><PropertyValue>Spare 2</PropertyValue></Property><Property><PropertyId>3</PropertyId><PropertyType>0</PropertyType><PropertyName>Width</PropertyName><PropertyValue>240</PropertyValue></Property><Property><PropertyId>2</PropertyId><PropertyType>0</PropertyType><PropertyName>Top</PropertyName><PropertyValue>252</PropertyValue></Property><Property><PropertyId>1</PropertyId><PropertyType>0</PropertyType><PropertyName>Left</PropertyName><PropertyValue>622</PropertyValue></Property><Property><PropertyId>8</PropertyId><PropertyType>0</PropertyType><PropertyName>Visible</PropertyName><PropertyValue>0</PropertyValue></Property><Property><PropertyId>10</PropertyId><PropertyType>0</PropertyType><PropertyName>Manual</PropertyName><PropertyValue>1</PropertyValue></Property><Property><PropertyId>21</PropertyId><PropertyType>0</PropertyType><PropertyName>State</PropertyName><PropertyValue>1</PropertyValue></Property><Property><PropertyId>24</PropertyId><PropertyType>0</PropertyType><PropertyName>Field Order</PropertyName><PropertyValue>100</PropertyValue></Property><Property><PropertyId>0</PropertyId><PropertyType>0</PropertyType><PropertyName>Field Type</PropertyName><PropertyValue>13</PropertyValue></Property></Field><Field Id='37'><Property><PropertyId>47</PropertyId><PropertyType>0</PropertyType><PropertyName>Popup Widget Group</PropertyName><PropertyValue>39</PropertyValue></Property><Property><PropertyId>206</PropertyId><PropertyType>0</PropertyType><PropertyName>Version</PropertyName><PropertyValue>58</PropertyValue></Property><Property><PropertyId>8201</PropertyId><PropertyType>4</PropertyType><PropertyName>Included Interfaces</PropertyName><PropertyValue></PropertyValue></Property><Property><PropertyId>205</PropertyId><PropertyType>0</PropertyType><PropertyName>Field Server Flags</PropertyName><PropertyValue>32</PropertyValue></Property><Property><PropertyId>5</PropertyId><PropertyType>0</PropertyType><PropertyName>Justify</PropertyName><PropertyValue>h:1</PropertyValue></Property><Property><PropertyId>6</PropertyId><PropertyType>0</PropertyType><PropertyName>Title Width</PropertyName><PropertyValue>75</PropertyValue></Property><Property><PropertyId>8000</PropertyId><PropertyType>4</PropertyType><PropertyName>Title</PropertyName><PropertyValue>Spare 3</PropertyValue></Property><Property><PropertyId>3</PropertyId><PropertyType>0</PropertyType><PropertyName>Width</PropertyName><PropertyValue>240</PropertyValue></Property><Property><PropertyId>2</PropertyId><PropertyType>0</PropertyType><PropertyName>Top</PropertyName><PropertyValue>270</PropertyValue></Property><Property><PropertyId>1</PropertyId><PropertyType>0</PropertyType><PropertyName>Left</PropertyName><PropertyValue>622</PropertyValue></Property><Property><PropertyId>8</PropertyId><PropertyType>0</PropertyType><PropertyName>Visible</PropertyName><PropertyValue>0</PropertyValue></Property><Property><PropertyId>10</PropertyId><PropertyType>0</PropertyType><PropertyName>Manual</PropertyName><PropertyValue>1</PropertyValue></Property><Property><PropertyId>21</PropertyId><PropertyType>0</PropertyType><PropertyName>State</PropertyName><PropertyValue>1</PropertyValue></Property><Property><PropertyId>24</PropertyId><PropertyType>0</PropertyType><PropertyName>Field Order</PropertyName><PropertyValue>110</PropertyValue></Property><Property><PropertyId>0</PropertyId><PropertyType>0</PropertyType><PropertyName>Field Type</PropertyName><PropertyValue>13</PropertyValue></Property></Field><Field Id='39'><Property><PropertyId>207</PropertyId><PropertyType>0</PropertyType><PropertyName>Load Factor</PropertyName><PropertyValue>2</PropertyValue></Property><Property><PropertyId>206</PropertyId><PropertyType>0</PropertyType><PropertyName>Version</PropertyName><PropertyValue>1</PropertyValue></Property><Property><PropertyId>8201</PropertyId><PropertyType>4</PropertyType><PropertyName>Included Interfaces</PropertyName><PropertyValue></PropertyValue></Property><Property><PropertyId>204</PropertyId><PropertyType>0</PropertyType><PropertyName>Maximum Instance Count</PropertyName><PropertyValue>h:1</PropertyValue></Property><Property><PropertyId>8003</PropertyId><PropertyType>4</PropertyType><PropertyName>List Data</PropertyName><PropertyValue>Instrument Components</PropertyValue></Property><Property><PropertyId>15</PropertyId><PropertyType>0</PropertyType><PropertyName>Font Style</PropertyName><PropertyValue>8</PropertyValue></Property><Property><PropertyId>8000</PropertyId><PropertyType>4</PropertyType><PropertyName>Title</PropertyName><PropertyValue>Instrument Components</PropertyValue></Property><Property><PropertyId>4</PropertyId><PropertyType>0</PropertyType><PropertyName>Height</PropertyName><PropertyValue>22</PropertyValue></Property><Property><PropertyId>3</PropertyId><PropertyType>0</PropertyType><PropertyName>Width</PropertyName><PropertyValue>170</PropertyValue></Property><Property><PropertyId>2</PropertyId><PropertyType>0</PropertyType><PropertyName>Top</PropertyName><PropertyValue>2</PropertyValue></Property><Property><PropertyId>1</PropertyId><PropertyType>0</PropertyType><PropertyName>Left</PropertyName><PropertyValue>731</PropertyValue></Property><Property><PropertyId>24</PropertyId><PropertyType>0</PropertyType><PropertyName>Field Order</PropertyName><PropertyValue>140</PropertyValue></Property><Property><PropertyId>0</PropertyId><PropertyType>0</PropertyType><PropertyName>Field Type</PropertyName><PropertyValue>35</PropertyValue></Property></Field><Field Id='100'><Property><PropertyId>207</PropertyId><PropertyType>0</PropertyType><PropertyName>Load Factor</PropertyName><PropertyValue>2</PropertyValue></Property><Property><PropertyId>206</PropertyId><PropertyType>0</PropertyType><PropertyName>Version</PropertyName><PropertyValue>1</PropertyValue></Property><Property><PropertyId>8201</PropertyId><PropertyType>4</PropertyType><PropertyName>Included Interfaces</PropertyName><PropertyValue></PropertyValue></Property><Property><PropertyId>204</PropertyId><PropertyType>0</PropertyType><PropertyName>Maximum Instance Count</PropertyName><PropertyValue>h:1</PropertyValue></Property><Property><PropertyId>8003</PropertyId><PropertyType>4</PropertyType><PropertyName>List Data</PropertyName><PropertyValue>ATSh:Wt:ATS Wienp:AUSTRIAe:1526I:ATSh:Lt:ATS Londonp:AUSTRIAe:26I:AUDh:St:AUD Sydneyp:AUSTRALIAe:1801I:AUDh:Lt:AUD Londonp:AUSTRALIAe:1I:BEFh:Bt:BEF Bruxellesp:BELGIUMe:1302I:BEFh:Lt:BEF Londonp:BELGIUMe:2I:CADh:Tt:CAD Torontop:CANADAe:1703I:CADh:Lt:CAD London l:Euror:p:CANADAe:3I:CHFh:Zt:CHF Zu:richp:SWITZERLANDe:1404I:CHFh:Lt:CHF Londonp:SWITZERLANDe:4I:CZKh:Pt:CZK Praguep:CZECHREPUBLICe:2205I:CZKh:Lt:CZK Londonp:CZECHREPUBLICe:5I:DEMh:Ft:DEM Frankfurtp:GERMANYe:406I:DEMh:Lt:DEM Londonp:GERMANYe:6I:DKKh:Ct:DKK Kf:benhavnp:DENMARKe:807I:ESPh:Mt:ESP Madridp:SPAINe:608I:ESPh:Lt:ESP Londonp:SPAINe:8I:FIMh:Ht:FIM Helsinkip:FINLANDe:1109I:FRFh:Pt:FRF Parisp:FRANCEe:510I:FRFh:Lt:FRF Londonp:FRANCEe:10I:GBPh:Lt:GBP Londonp:UKI:HKDh:Ht:HKD Hongkongp:HONGKONGe:2012I:IEPh:Dt:IEP Dublinp:IRELANDe:2413I:ITLh:Rt:ITL Romap:ITALYe:714I:ITLh:Lt:ITL Londonp:ITALYe:14I:JPYh:Tt:JPY Tokyop:JAPANe:215I:JPYh:Lt:JPY Londonp:JAPANe:15I:NLGh:At:NLG Amsterdamp:NETHERLANDSe:1216I:NLGh:Lt:NLG Londonp:NETHERLANDSe:16I:NOKh:Ot:NOK Oslop:NORWAYe:917I:NZDh:At:NZK Aucklandp:NEWZEALANDe:1918I:PTEh:Lt:PTE Lissabonp:PORTUGALe:1619I:PTEh:Lt:PTE Londonp:PORTUGALe:19I:SEKh:St:SEK Stockholmp:SWEEDENe:1020I:USDh:Nt:USD New Yorkp:USAe:121I:USDh:Lt:USD London l:Euror:p:USAe:21I:USDh:Tt:USD Tokyop:USAe:221I:XEUh:Pt:XEU Parisp:EUROe:522I:XEUh:Lt:XEU Londonp:EUROe:22I:ZARh:Jt:ZAR Johannesburgp:SOUTHAFRICAe:2123I:ZARh:Lt:ZAR Londonp:SOUTHAFRICAe:23I:SGDh:St:SGD Singaporep:SINGAPOREe:324I:SGDh:Lt:SGD Londonp:SINGAPOREe:24I:MXNh:Mt:MXN Mexico Cityp:MEXICOe:2325I:ARPh:Bt:ARP Buenos Airesp:ARGENTINAe:2527</PropertyValue></Property><Property><PropertyId>4</PropertyId><PropertyType>0</PropertyType><PropertyName>Height</PropertyName><PropertyValue>840</PropertyValue></Property><Property><PropertyId>3</PropertyId><PropertyType>0</PropertyType><PropertyName>Width</PropertyName><PropertyValue>898</PropertyValue></Property><Property><PropertyId>2</PropertyId><PropertyType>0</PropertyType><PropertyName>Top</PropertyName><PropertyValue>27</PropertyValue></Property><Property><PropertyId>1</PropertyId><PropertyType>0</PropertyType><PropertyName>Left</PropertyName><PropertyValue>3</PropertyValue></Property><Property><PropertyId>10009</PropertyId><PropertyType>5</PropertyType><PropertyName>PROP_10009</PropertyName><PropertyValue>11 Bytes</PropertyValue></Property><Property><PropertyId>24</PropertyId><PropertyType>0</PropertyType><PropertyName>Field Order</PropertyName><PropertyValue>150</PropertyValue></Property><Property><PropertyId>0</PropertyId><PropertyType>0</PropertyType><PropertyName>Field Type</PropertyName><PropertyValue>42</PropertyValue></Property></Field><Field Id='99999996'><Property><PropertyId>207</PropertyId><PropertyType>0</PropertyType><PropertyName>Load Factor</PropertyName><PropertyValue>2</PropertyValue></Property><Property><PropertyId>206</PropertyId><PropertyType>0</PropertyType><PropertyName>Version</PropertyName><PropertyValue>66</PropertyValue></Property><Property><PropertyId>8201</PropertyId><PropertyType>4</PropertyType><PropertyName>Included Interfaces</PropertyName><PropertyValue></PropertyValue></Property><Property><PropertyId>2</PropertyId><PropertyType>0</PropertyType><PropertyName>Top</PropertyName><PropertyValue>1</PropertyValue></Property><Property><PropertyId>1</PropertyId><PropertyType>0</PropertyType><PropertyName>Left</PropertyName><PropertyValue>13</PropertyValue></Property><Property><PropertyId>8</PropertyId><PropertyType>0</PropertyType><PropertyName>Visible</PropertyName><PropertyValue>0</PropertyValue></Property><Property><PropertyId>24</PropertyId><PropertyType>0</PropertyType><PropertyName>Field Order</PropertyName><PropertyValue>40</PropertyValue></Property><Property><PropertyId>0</PropertyId><PropertyType>0</PropertyType><PropertyName>Field Type</PropertyName><PropertyValue>13</PropertyValue></Property></Field><Field Id='99999999'><Property><PropertyId>207</PropertyId><PropertyType>0</PropertyType><PropertyName>Load Factor</PropertyName><PropertyValue>2</PropertyValue></Property><Property><PropertyId>206</PropertyId><PropertyType>0</PropertyType><PropertyName>Version</PropertyName><PropertyValue>74</PropertyValue></Property><Property><PropertyId>8201</PropertyId><PropertyType>4</PropertyType><PropertyName>Included Interfaces</PropertyName><PropertyValue></PropertyValue></Property><Property><PropertyId>2</PropertyId><PropertyType>0</PropertyType><PropertyName>Top</PropertyName><PropertyValue>h:6</PropertyValue></Property><Property><PropertyId>1</PropertyId><PropertyType>0</PropertyType><PropertyName>Left</PropertyName><PropertyValue>10</PropertyValue></Property><Property><PropertyId>8</PropertyId><PropertyType>0</PropertyType><PropertyName>Visible</PropertyName><PropertyValue>0</PropertyValue></Property><Property><PropertyId>24</PropertyId><PropertyType>0</PropertyType><PropertyName>Field Order</PropertyName><PropertyValue>30</PropertyValue></Property><Property><PropertyId>0</PropertyId><PropertyType>0</PropertyType><PropertyName>Field Type</PropertyName><PropertyValue>13</PropertyValue></Property></Field></Fields>