<?xml version='1.0' encoding='utf-8'?><Fields><CommonDetails Id='1'><Property><PropertyId>9998</PropertyId><PropertyType>0</PropertyType><PropertyName>Height</PropertyName><PropertyValue>328</PropertyValue></Property><Property><PropertyId>9999</PropertyId><PropertyType>0</PropertyType><PropertyName>Width</PropertyName><PropertyValue>158</PropertyValue></Property><Property><PropertyId>8202</PropertyId><PropertyType>4</PropertyType><PropertyName>Systems</PropertyName><PropertyValue>+Dev</PropertyValue></Property><Property><PropertyId>206</PropertyId><PropertyType>0</PropertyType><PropertyName>Version</PropertyName><PropertyValue>8</PropertyValue></Property><Property><PropertyId>8201</PropertyId><PropertyType>4</PropertyType><PropertyName>Included Interfaces</PropertyName><PropertyValue></PropertyValue></Property><Property><PropertyId>43</PropertyId><PropertyType>0</PropertyType><PropertyName>Category</PropertyName><PropertyValue>512</PropertyValue></Property><Property><PropertyId>203</PropertyId><PropertyType>0</PropertyType><PropertyName>Deferred Delete Time</PropertyName><PropertyValue>2</PropertyValue></Property><Property><PropertyId>8200</PropertyId><PropertyType>4</PropertyType><PropertyName>Exe File</PropertyName><PropertyValue>LotsOfDataApp.exe</PropertyValue></Property><Property><PropertyId>200</PropertyId><PropertyType>0</PropertyType><PropertyName>Class</PropertyName><PropertyValue>2</PropertyValue></Property><Property><PropertyId>19</PropertyId><PropertyType>0</PropertyType><PropertyName>Title Back Color</PropertyName><PropertyValue>72</PropertyValue></Property><Property><PropertyId>18</PropertyId><PropertyType>0</PropertyType><PropertyName>Title Fore Color</PropertyName><PropertyValue>80</PropertyValue></Property><Property><PropertyId>8000</PropertyId><PropertyType>4</PropertyType><PropertyName>Title</PropertyName><PropertyValue>LotsOfData</PropertyValue></Property><Property><PropertyId>0</PropertyId><PropertyType>0</PropertyType><PropertyName>Field Type</PropertyName><PropertyValue>4</PropertyValue></Property></CommonDetails><Field Id='1'><Property><PropertyId>207</PropertyId><PropertyType>0</PropertyType><PropertyName>Load Factor</PropertyName><PropertyValue>2</PropertyValue></Property><Property><PropertyId>206</PropertyId><PropertyType>0</PropertyType><PropertyName>Version</PropertyName><PropertyValue>5</PropertyValue></Property><Property><PropertyId>8201</PropertyId><PropertyType>4</PropertyType><PropertyName>Included Interfaces</PropertyName><PropertyValue></PropertyValue></Property><Property><PropertyId>204</PropertyId><PropertyType>0</PropertyType><PropertyName>Maximum Instance Count</PropertyName><PropertyValue>;h:1</PropertyValue></Property><Property><PropertyId>8000</PropertyId><PropertyType>4</PropertyType><PropertyName>Title</PropertyName><PropertyValue> </PropertyValue></Property><Property><PropertyId>3</PropertyId><PropertyType>0</PropertyType><PropertyName>Width</PropertyName><PropertyValue>50</PropertyValue></Property><Property><PropertyId>2</PropertyId><PropertyType>0</PropertyType><PropertyName>Top</PropertyName><PropertyValue>28</PropertyValue></Property><Property><PropertyId>1</PropertyId><PropertyType>0</PropertyType><PropertyName>Left</PropertyName><PropertyValue>1</PropertyValue></Property><Property><PropertyId>11</PropertyId><PropertyType>0</PropertyType><PropertyName>Format</PropertyName><PropertyValue>1</PropertyValue></Property><Property><PropertyId>10</PropertyId><PropertyType>0</PropertyType><PropertyName>Manual</PropertyName><PropertyValue>1</PropertyValue></Property><Property><PropertyId>22</PropertyId><PropertyType>0</PropertyType><PropertyName>Value ;l:Integer;r:</PropertyName><PropertyValue>21</PropertyValue></Property><Property><PropertyId>24</PropertyId><PropertyType>0</PropertyType><PropertyName>Field Order</PropertyName><PropertyValue>10</PropertyValue></Property><Property><PropertyId>0</PropertyId><PropertyType>0</PropertyType><PropertyName>Field Type</PropertyName><PropertyValue>50</PropertyValue></Property></Field><Field Id='2'><Property><PropertyId>207</PropertyId><PropertyType>0</PropertyType><PropertyName>Load Factor</PropertyName><PropertyValue>2</PropertyValue></Property><Property><PropertyId>206</PropertyId><PropertyType>0</PropertyType><PropertyName>Version</PropertyName><PropertyValue>5</PropertyValue></Property><Property><PropertyId>8201</PropertyId><PropertyType>4</PropertyType><PropertyName>Included Interfaces</PropertyName><PropertyValue></PropertyValue></Property><Property><PropertyId>204</PropertyId><PropertyType>0</PropertyType><PropertyName>Maximum Instance Count</PropertyName><PropertyValue>;h:1</PropertyValue></Property><Property><PropertyId>8003</PropertyId><PropertyType>4</PropertyType><PropertyName>List Data</PropertyName><PropertyValue> </PropertyValue></Property><Property><PropertyId>8000</PropertyId><PropertyType>4</PropertyType><PropertyName>Title</PropertyName><PropertyValue>Data Feed</PropertyValue></Property><Property><PropertyId>3</PropertyId><PropertyType>0</PropertyType><PropertyName>Width</PropertyName><PropertyValue>104</PropertyValue></Property><Property><PropertyId>2</PropertyId><PropertyType>0</PropertyType><PropertyName>Top</PropertyName><PropertyValue>28</PropertyValue></Property><Property><PropertyId>1</PropertyId><PropertyType>0</PropertyType><PropertyName>Left</PropertyName><PropertyValue>53</PropertyValue></Property><Property><PropertyId>10</PropertyId><PropertyType>0</PropertyType><PropertyName>Manual</PropertyName><PropertyValue>1</PropertyValue></Property><Property><PropertyId>24</PropertyId><PropertyType>0</PropertyType><PropertyName>Field Order</PropertyName><PropertyValue>20</PropertyValue></Property><Property><PropertyId>0</PropertyId><PropertyType>0</PropertyType><PropertyName>Field Type</PropertyName><PropertyValue>20</PropertyValue></Property></Field><Field Id='5'><Property><PropertyId>207</PropertyId><PropertyType>0</PropertyType><PropertyName>Load Factor</PropertyName><PropertyValue>2</PropertyValue></Property><Property><PropertyId>206</PropertyId><PropertyType>0</PropertyType><PropertyName>Version</PropertyName><PropertyValue>2</PropertyValue></Property><Property><PropertyId>8201</PropertyId><PropertyType>4</PropertyType><PropertyName>Included Interfaces</PropertyName><PropertyValue></PropertyValue></Property><Property><PropertyId>204</PropertyId><PropertyType>0</PropertyType><PropertyName>Maximum Instance Count</PropertyName><PropertyValue>;h:1</PropertyValue></Property><Property><PropertyId>8003</PropertyId><PropertyType>4</PropertyType><PropertyName>List Data</PropertyName><PropertyValue>On</PropertyValue></Property><Property><PropertyId>5</PropertyId><PropertyType>0</PropertyType><PropertyName>Justify</PropertyName><PropertyValue>0</PropertyValue></Property><Property><PropertyId>8000</PropertyId><PropertyType>4</PropertyType><PropertyName>Title</PropertyName><PropertyValue>On</PropertyValue></Property><Property><PropertyId>4</PropertyId><PropertyType>0</PropertyType><PropertyName>Height</PropertyName><PropertyValue>18</PropertyValue></Property><Property><PropertyId>3</PropertyId><PropertyType>0</PropertyType><PropertyName>Width</PropertyName><PropertyValue>65</PropertyValue></Property><Property><PropertyId>2</PropertyId><PropertyType>0</PropertyType><PropertyName>Top</PropertyName><PropertyValue>269</PropertyValue></Property><Property><PropertyId>1</PropertyId><PropertyType>0</PropertyType><PropertyName>Left</PropertyName><PropertyValue>18</PropertyValue></Property><Property><PropertyId>24</PropertyId><PropertyType>0</PropertyType><PropertyName>Field Order</PropertyName><PropertyValue>370</PropertyValue></Property><Property><PropertyId>0</PropertyId><PropertyType>0</PropertyType><PropertyName>Field Type</PropertyName><PropertyValue>26</PropertyValue></Property></Field><Field Id='6'><Property><PropertyId>207</PropertyId><PropertyType>0</PropertyType><PropertyName>Load Factor</PropertyName><PropertyValue>2</PropertyValue></Property><Property><PropertyId>206</PropertyId><PropertyType>0</PropertyType><PropertyName>Version</PropertyName><PropertyValue>5</PropertyValue></Property><Property><PropertyId>8201</PropertyId><PropertyType>4</PropertyType><PropertyName>Included Interfaces</PropertyName><PropertyValue></PropertyValue></Property><Property><PropertyId>204</PropertyId><PropertyType>0</PropertyType><PropertyName>Maximum Instance Count</PropertyName><PropertyValue>;h:1</PropertyValue></Property><Property><PropertyId>8003</PropertyId><PropertyType>4</PropertyType><PropertyName>List Data</PropertyName><PropertyValue>String</PropertyValue></Property><Property><PropertyId>5</PropertyId><PropertyType>0</PropertyType><PropertyName>Justify</PropertyName><PropertyValue>0</PropertyValue></Property><Property><PropertyId>8000</PropertyId><PropertyType>4</PropertyType><PropertyName>Title</PropertyName><PropertyValue>String</PropertyValue></Property><Property><PropertyId>4</PropertyId><PropertyType>0</PropertyType><PropertyName>Height</PropertyName><PropertyValue>18</PropertyValue></Property><Property><PropertyId>3</PropertyId><PropertyType>0</PropertyType><PropertyName>Width</PropertyName><PropertyValue>65</PropertyValue></Property><Property><PropertyId>2</PropertyId><PropertyType>0</PropertyType><PropertyName>Top</PropertyName><PropertyValue>269</PropertyValue></Property><Property><PropertyId>1</PropertyId><PropertyType>0</PropertyType><PropertyName>Left</PropertyName><PropertyValue>88</PropertyValue></Property><Property><PropertyId>24</PropertyId><PropertyType>0</PropertyType><PropertyName>Field Order</PropertyName><PropertyValue>380</PropertyValue></Property><Property><PropertyId>0</PropertyId><PropertyType>0</PropertyType><PropertyName>Field Type</PropertyName><PropertyValue>26</PropertyValue></Property></Field><Field Id='7'><Property><PropertyId>207</PropertyId><PropertyType>0</PropertyType><PropertyName>Load Factor</PropertyName><PropertyValue>2</PropertyValue></Property><Property><PropertyId>206</PropertyId><PropertyType>0</PropertyType><PropertyName>Version</PropertyName><PropertyValue>2</PropertyValue></Property><Property><PropertyId>8201</PropertyId><PropertyType>4</PropertyType><PropertyName>Included Interfaces</PropertyName><PropertyValue></PropertyValue></Property><Property><PropertyId>204</PropertyId><PropertyType>0</PropertyType><PropertyName>Maximum Instance Count</PropertyName><PropertyValue>;h:1</PropertyValue></Property><Property><PropertyId>6</PropertyId><PropertyType>0</PropertyType><PropertyName>Title Width</PropertyName><PropertyValue>65</PropertyValue></Property><Property><PropertyId>8000</PropertyId><PropertyType>4</PropertyType><PropertyName>Title</PropertyName><PropertyValue>Sleep ms.</PropertyValue></Property><Property><PropertyId>3</PropertyId><PropertyType>0</PropertyType><PropertyName>Width</PropertyName><PropertyValue>130</PropertyValue></Property><Property><PropertyId>2</PropertyId><PropertyType>0</PropertyType><PropertyName>Top</PropertyName><PropertyValue>309</PropertyValue></Property><Property><PropertyId>1</PropertyId><PropertyType>0</PropertyType><PropertyName>Left</PropertyName><PropertyValue>23</PropertyValue></Property><Property><PropertyId>46</PropertyId><PropertyType>0</PropertyType><PropertyName>Blankable</PropertyName><PropertyValue>0</PropertyValue></Property><Property><PropertyId>24</PropertyId><PropertyType>0</PropertyType><PropertyName>Field Order</PropertyName><PropertyValue>400</PropertyValue></Property><Property><PropertyId>0</PropertyId><PropertyType>0</PropertyType><PropertyName>Field Type</PropertyName><PropertyValue>10</PropertyValue></Property></Field><Field Id='10'><Property><PropertyId>207</PropertyId><PropertyType>0</PropertyType><PropertyName>Load Factor</PropertyName><PropertyValue>2</PropertyValue></Property><Property><PropertyId>206</PropertyId><PropertyType>0</PropertyType><PropertyName>Version</PropertyName><PropertyValue>2</PropertyValue></Property><Property><PropertyId>8201</PropertyId><PropertyType>4</PropertyType><PropertyName>Included Interfaces</PropertyName><PropertyValue></PropertyValue></Property><Property><PropertyId>204</PropertyId><PropertyType>0</PropertyType><PropertyName>Maximum Instance Count</PropertyName><PropertyValue>;h:1</PropertyValue></Property><Property><PropertyId>3</PropertyId><PropertyType>0</PropertyType><PropertyName>Width</PropertyName><PropertyValue>65</PropertyValue></Property><Property><PropertyId>2</PropertyId><PropertyType>0</PropertyType><PropertyName>Top</PropertyName><PropertyValue>291</PropertyValue></Property><Property><PropertyId>1</PropertyId><PropertyType>0</PropertyType><PropertyName>Left</PropertyName><PropertyValue>17</PropertyValue></Property><Property><PropertyId>46</PropertyId><PropertyType>0</PropertyType><PropertyName>Blankable</PropertyName><PropertyValue>0</PropertyValue></Property><Property><PropertyId>10</PropertyId><PropertyType>0</PropertyType><PropertyName>Manual</PropertyName><PropertyValue>1</PropertyValue></Property><Property><PropertyId>22</PropertyId><PropertyType>0</PropertyType><PropertyName>Value ;l:Integer;r:</PropertyName><PropertyValue>20</PropertyValue></Property><Property><PropertyId>24</PropertyId><PropertyType>0</PropertyType><PropertyName>Field Order</PropertyName><PropertyValue>390</PropertyValue></Property><Property><PropertyId>0</PropertyId><PropertyType>0</PropertyType><PropertyName>Field Type</PropertyName><PropertyValue>10</PropertyValue></Property></Field><Field Id='11'><Property><PropertyId>207</PropertyId><PropertyType>0</PropertyType><PropertyName>Load Factor</PropertyName><PropertyValue>2</PropertyValue></Property><Property><PropertyId>206</PropertyId><PropertyType>0</PropertyType><PropertyName>Version</PropertyName><PropertyValue>2</PropertyValue></Property><Property><PropertyId>8201</PropertyId><PropertyType>4</PropertyType><PropertyName>Included Interfaces</PropertyName><PropertyValue></PropertyValue></Property><Property><PropertyId>204</PropertyId><PropertyType>0</PropertyType><PropertyName>Maximum Instance Count</PropertyName><PropertyValue>;h:1</PropertyValue></Property><Property><PropertyId>5</PropertyId><PropertyType>0</PropertyType><PropertyName>Justify</PropertyName><PropertyValue>;h:1</PropertyValue></Property><Property><PropertyId>3</PropertyId><PropertyType>0</PropertyType><PropertyName>Width</PropertyName><PropertyValue>65</PropertyValue></Property><Property><PropertyId>2</PropertyId><PropertyType>0</PropertyType><PropertyName>Top</PropertyName><PropertyValue>291</PropertyValue></Property><Property><PropertyId>1</PropertyId><PropertyType>0</PropertyType><PropertyName>Left</PropertyName><PropertyValue>88</PropertyValue></Property><Property><PropertyId>24</PropertyId><PropertyType>0</PropertyType><PropertyName>Field Order</PropertyName><PropertyValue>360</PropertyValue></Property><Property><PropertyId>0</PropertyId><PropertyType>0</PropertyType><PropertyName>Field Type</PropertyName><PropertyValue>13</PropertyValue></Property></Field><Field Id='200'><Property><PropertyId>33</PropertyId><PropertyType>0</PropertyType><PropertyName>Action ID Upper</PropertyName><PropertyValue>1000</PropertyValue></Property><Property><PropertyId>32</PropertyId><PropertyType>0</PropertyType><PropertyName>Action ID Lower</PropertyName><PropertyValue>200</PropertyValue></Property><Property><PropertyId>207</PropertyId><PropertyType>0</PropertyType><PropertyName>Load Factor</PropertyName><PropertyValue>2</PropertyValue></Property><Property><PropertyId>206</PropertyId><PropertyType>0</PropertyType><PropertyName>Version</PropertyName><PropertyValue>5</PropertyValue></Property><Property><PropertyId>8201</PropertyId><PropertyType>4</PropertyType><PropertyName>Included Interfaces</PropertyName><PropertyValue></PropertyValue></Property><Property><PropertyId>204</PropertyId><PropertyType>0</PropertyType><PropertyName>Maximum Instance Count</PropertyName><PropertyValue>;h:1</PropertyValue></Property><Property><PropertyId>6</PropertyId><PropertyType>0</PropertyType><PropertyName>Title Width</PropertyName><PropertyValue>30</PropertyValue></Property><Property><PropertyId>8000</PropertyId><PropertyType>4</PropertyType><PropertyName>Title</PropertyName><PropertyValue>1M</PropertyValue></Property><Property><PropertyId>3</PropertyId><PropertyType>0</PropertyType><PropertyName>Width</PropertyName><PropertyValue>90</PropertyValue></Property><Property><PropertyId>2</PropertyId><PropertyType>0</PropertyType><PropertyName>Top</PropertyName><PropertyValue>63</PropertyValue></Property><Property><PropertyId>1</PropertyId><PropertyType>0</PropertyType><PropertyName>Left</PropertyName><PropertyValue>3</PropertyValue></Property><Property><PropertyId>11</PropertyId><PropertyType>0</PropertyType><PropertyName>Format</PropertyName><PropertyValue>1005</PropertyValue></Property><Property><PropertyId>21</PropertyId><PropertyType>0</PropertyType><PropertyName>State</PropertyName><PropertyValue>1</PropertyValue></Property><Property><PropertyId>24</PropertyId><PropertyType>0</PropertyType><PropertyName>Field Order</PropertyName><PropertyValue>30</PropertyValue></Property><Property><PropertyId>0</PropertyId><PropertyType>0</PropertyType><PropertyName>Field Type</PropertyName><PropertyValue>11</PropertyValue></Property></Field><Field Id='201'><Property><PropertyId>207</PropertyId><PropertyType>0</PropertyType><PropertyName>Load Factor</PropertyName><PropertyValue>2</PropertyValue></Property><Property><PropertyId>206</PropertyId><PropertyType>0</PropertyType><PropertyName>Version</PropertyName><PropertyValue>5</PropertyValue></Property><Property><PropertyId>8201</PropertyId><PropertyType>4</PropertyType><PropertyName>Included Interfaces</PropertyName><PropertyValue></PropertyValue></Property><Property><PropertyId>204</PropertyId><PropertyType>0</PropertyType><PropertyName>Maximum Instance Count</PropertyName><PropertyValue>;h:1</PropertyValue></Property><Property><PropertyId>6</PropertyId><PropertyType>0</PropertyType><PropertyName>Title Width</PropertyName><PropertyValue>30</PropertyValue></Property><Property><PropertyId>8000</PropertyId><PropertyType>4</PropertyType><PropertyName>Title</PropertyName><PropertyValue>2M</PropertyValue></Property><Property><PropertyId>3</PropertyId><PropertyType>0</PropertyType><PropertyName>Width</PropertyName><PropertyValue>90</PropertyValue></Property><Property><PropertyId>2</PropertyId><PropertyType>0</PropertyType><PropertyName>Top</PropertyName><PropertyValue>80</PropertyValue></Property><Property><PropertyId>1</PropertyId><PropertyType>0</PropertyType><PropertyName>Left</PropertyName><PropertyValue>3</PropertyValue></Property><Property><PropertyId>11</PropertyId><PropertyType>0</PropertyType><PropertyName>Format</PropertyName><PropertyValue>1005</PropertyValue></Property><Property><PropertyId>21</PropertyId><PropertyType>0</PropertyType><PropertyName>State</PropertyName><PropertyValue>1</PropertyValue></Property><Property><PropertyId>24</PropertyId><PropertyType>0</PropertyType><PropertyName>Field Order</PropertyName><PropertyValue>60</PropertyValue></Property><Property><PropertyId>0</PropertyId><PropertyType>0</PropertyType><PropertyName>Field Type</PropertyName><PropertyValue>11</PropertyValue></Property></Field><Field Id='202'><Property><PropertyId>207</PropertyId><PropertyType>0</PropertyType><PropertyName>Load Factor</PropertyName><PropertyValue>2</PropertyValue></Property><Property><PropertyId>206</PropertyId><PropertyType>0</PropertyType><PropertyName>Version</PropertyName><PropertyValue>5</PropertyValue></Property><Property><PropertyId>8201</PropertyId><PropertyType>4</PropertyType><PropertyName>Included Interfaces</PropertyName><PropertyValue></PropertyValue></Property><Property><PropertyId>204</PropertyId><PropertyType>0</PropertyType><PropertyName>Maximum Instance Count</PropertyName><PropertyValue>;h:1</PropertyValue></Property><Property><PropertyId>6</PropertyId><PropertyType>0</PropertyType><PropertyName>Title Width</PropertyName><PropertyValue>30</PropertyValue></Property><Property><PropertyId>8000</PropertyId><PropertyType>4</PropertyType><PropertyName>Title</PropertyName><PropertyValue>3M</PropertyValue></Property><Property><PropertyId>3</PropertyId><PropertyType>0</PropertyType><PropertyName>Width</PropertyName><PropertyValue>90</PropertyValue></Property><Property><PropertyId>2</PropertyId><PropertyType>0</PropertyType><PropertyName>Top</PropertyName><PropertyValue>97</PropertyValue></Property><Property><PropertyId>1</PropertyId><PropertyType>0</PropertyType><PropertyName>Left</PropertyName><PropertyValue>3</PropertyValue></Property><Property><PropertyId>11</PropertyId><PropertyType>0</PropertyType><PropertyName>Format</PropertyName><PropertyValue>1005</PropertyValue></Property><Property><PropertyId>21</PropertyId><PropertyType>0</PropertyType><PropertyName>State</PropertyName><PropertyValue>1</PropertyValue></Property><Property><PropertyId>24</PropertyId><PropertyType>0</PropertyType><PropertyName>Field Order</PropertyName><PropertyValue>80</PropertyValue></Property><Property><PropertyId>0</PropertyId><PropertyType>0</PropertyType><PropertyName>Field Type</PropertyName><PropertyValue>11</PropertyValue></Property></Field><Field Id='203'><Property><PropertyId>207</PropertyId><PropertyType>0</PropertyType><PropertyName>Load Factor</PropertyName><PropertyValue>2</PropertyValue></Property><Property><PropertyId>206</PropertyId><PropertyType>0</PropertyType><PropertyName>Version</PropertyName><PropertyValue>5</PropertyValue></Property><Property><PropertyId>8201</PropertyId><PropertyType>4</PropertyType><PropertyName>Included Interfaces</PropertyName><PropertyValue></PropertyValue></Property><Property><PropertyId>204</PropertyId><PropertyType>0</PropertyType><PropertyName>Maximum Instance Count</PropertyName><PropertyValue>;h:1</PropertyValue></Property><Property><PropertyId>6</PropertyId><PropertyType>0</PropertyType><PropertyName>Title Width</PropertyName><PropertyValue>30</PropertyValue></Property><Property><PropertyId>8000</PropertyId><PropertyType>4</PropertyType><PropertyName>Title</PropertyName><PropertyValue>4M</PropertyValue></Property><Property><PropertyId>3</PropertyId><PropertyType>0</PropertyType><PropertyName>Width</PropertyName><PropertyValue>90</PropertyValue></Property><Property><PropertyId>2</PropertyId><PropertyType>0</PropertyType><PropertyName>Top</PropertyName><PropertyValue>114</PropertyValue></Property><Property><PropertyId>1</PropertyId><PropertyType>0</PropertyType><PropertyName>Left</PropertyName><PropertyValue>3</PropertyValue></Property><Property><PropertyId>11</PropertyId><PropertyType>0</PropertyType><PropertyName>Format</PropertyName><PropertyValue>1005</PropertyValue></Property><Property><PropertyId>21</PropertyId><PropertyType>0</PropertyType><PropertyName>State</PropertyName><PropertyValue>1</PropertyValue></Property><Property><PropertyId>24</PropertyId><PropertyType>0</PropertyType><PropertyName>Field Order</PropertyName><PropertyValue>100</PropertyValue></Property><Property><PropertyId>0</PropertyId><PropertyType>0</PropertyType><PropertyName>Field Type</PropertyName><PropertyValue>11</PropertyValue></Property></Field><Field Id='204'><Property><PropertyId>207</PropertyId><PropertyType>0</PropertyType><PropertyName>Load Factor</PropertyName><PropertyValue>2</PropertyValue></Property><Property><PropertyId>206</PropertyId><PropertyType>0</PropertyType><PropertyName>Version</PropertyName><PropertyValue>5</PropertyValue></Property><Property><PropertyId>8201</PropertyId><PropertyType>4</PropertyType><PropertyName>Included Interfaces</PropertyName><PropertyValue></PropertyValue></Property><Property><PropertyId>204</PropertyId><PropertyType>0</PropertyType><PropertyName>Maximum Instance Count</PropertyName><PropertyValue>;h:1</PropertyValue></Property><Property><PropertyId>6</PropertyId><PropertyType>0</PropertyType><PropertyName>Title Width</PropertyName><PropertyValue>30</PropertyValue></Property><Property><PropertyId>8000</PropertyId><PropertyType>4</PropertyType><PropertyName>Title</PropertyName><PropertyValue>5M</PropertyValue></Property><Property><PropertyId>3</PropertyId><PropertyType>0</PropertyType><PropertyName>Width</PropertyName><PropertyValue>90</PropertyValue></Property><Property><PropertyId>2</PropertyId><PropertyType>0</PropertyType><PropertyName>Top</PropertyName><PropertyValue>131</PropertyValue></Property><Property><PropertyId>1</PropertyId><PropertyType>0</PropertyType><PropertyName>Left</PropertyName><PropertyValue>3</PropertyValue></Property><Property><PropertyId>11</PropertyId><PropertyType>0</PropertyType><PropertyName>Format</PropertyName><PropertyValue>1005</PropertyValue></Property><Property><PropertyId>21</PropertyId><PropertyType>0</PropertyType><PropertyName>State</PropertyName><PropertyValue>1</PropertyValue></Property><Property><PropertyId>24</PropertyId><PropertyType>0</PropertyType><PropertyName>Field Order</PropertyName><PropertyValue>120</PropertyValue></Property><Property><PropertyId>0</PropertyId><PropertyType>0</PropertyType><PropertyName>Field Type</PropertyName><PropertyValue>11</PropertyValue></Property></Field><Field Id='205'><Property><PropertyId>207</PropertyId><PropertyType>0</PropertyType><PropertyName>Load Factor</PropertyName><PropertyValue>2</PropertyValue></Property><Property><PropertyId>206</PropertyId><PropertyType>0</PropertyType><PropertyName>Version</PropertyName><PropertyValue>5</PropertyValue></Property><Property><PropertyId>8201</PropertyId><PropertyType>4</PropertyType><PropertyName>Included Interfaces</PropertyName><PropertyValue></PropertyValue></Property><Property><PropertyId>204</PropertyId><PropertyType>0</PropertyType><PropertyName>Maximum Instance Count</PropertyName><PropertyValue>;h:1</PropertyValue></Property><Property><PropertyId>6</PropertyId><PropertyType>0</PropertyType><PropertyName>Title Width</PropertyName><PropertyValue>30</PropertyValue></Property><Property><PropertyId>8000</PropertyId><PropertyType>4</PropertyType><PropertyName>Title</PropertyName><PropertyValue>6M</PropertyValue></Property><Property><PropertyId>3</PropertyId><PropertyType>0</PropertyType><PropertyName>Width</PropertyName><PropertyValue>90</PropertyValue></Property><Property><PropertyId>2</PropertyId><PropertyType>0</PropertyType><PropertyName>Top</PropertyName><PropertyValue>148</PropertyValue></Property><Property><PropertyId>1</PropertyId><PropertyType>0</PropertyType><PropertyName>Left</PropertyName><PropertyValue>3</PropertyValue></Property><Property><PropertyId>11</PropertyId><PropertyType>0</PropertyType><PropertyName>Format</PropertyName><PropertyValue>1005</PropertyValue></Property><Property><PropertyId>21</PropertyId><PropertyType>0</PropertyType><PropertyName>State</PropertyName><PropertyValue>1</PropertyValue></Property><Property><PropertyId>24</PropertyId><PropertyType>0</PropertyType><PropertyName>Field Order</PropertyName><PropertyValue>140</PropertyValue></Property><Property><PropertyId>0</PropertyId><PropertyType>0</PropertyType><PropertyName>Field Type</PropertyName><PropertyValue>11</PropertyValue></Property></Field><Field Id='206'><Property><PropertyId>207</PropertyId><PropertyType>0</PropertyType><PropertyName>Load Factor</PropertyName><PropertyValue>2</PropertyValue></Property><Property><PropertyId>206</PropertyId><PropertyType>0</PropertyType><PropertyName>Version</PropertyName><PropertyValue>5</PropertyValue></Property><Property><PropertyId>8201</PropertyId><PropertyType>4</PropertyType><PropertyName>Included Interfaces</PropertyName><PropertyValue></PropertyValue></Property><Property><PropertyId>204</PropertyId><PropertyType>0</PropertyType><PropertyName>Maximum Instance Count</PropertyName><PropertyValue>;h:1</PropertyValue></Property><Property><PropertyId>6</PropertyId><PropertyType>0</PropertyType><PropertyName>Title Width</PropertyName><PropertyValue>30</PropertyValue></Property><Property><PropertyId>8000</PropertyId><PropertyType>4</PropertyType><PropertyName>Title</PropertyName><PropertyValue>7M</PropertyValue></Property><Property><PropertyId>3</PropertyId><PropertyType>0</PropertyType><PropertyName>Width</PropertyName><PropertyValue>90</PropertyValue></Property><Property><PropertyId>2</PropertyId><PropertyType>0</PropertyType><PropertyName>Top</PropertyName><PropertyValue>165</PropertyValue></Property><Property><PropertyId>1</PropertyId><PropertyType>0</PropertyType><PropertyName>Left</PropertyName><PropertyValue>3</PropertyValue></Property><Property><PropertyId>11</PropertyId><PropertyType>0</PropertyType><PropertyName>Format</PropertyName><PropertyValue>1005</PropertyValue></Property><Property><PropertyId>21</PropertyId><PropertyType>0</PropertyType><PropertyName>State</PropertyName><PropertyValue>1</PropertyValue></Property><Property><PropertyId>24</PropertyId><PropertyType>0</PropertyType><PropertyName>Field Order</PropertyName><PropertyValue>160</PropertyValue></Property><Property><PropertyId>0</PropertyId><PropertyType>0</PropertyType><PropertyName>Field Type</PropertyName><PropertyValue>11</PropertyValue></Property></Field><Field Id='207'><Property><PropertyId>207</PropertyId><PropertyType>0</PropertyType><PropertyName>Load Factor</PropertyName><PropertyValue>2</PropertyValue></Property><Property><PropertyId>206</PropertyId><PropertyType>0</PropertyType><PropertyName>Version</PropertyName><PropertyValue>5</PropertyValue></Property><Property><PropertyId>8201</PropertyId><PropertyType>4</PropertyType><PropertyName>Included Interfaces</PropertyName><PropertyValue></PropertyValue></Property><Property><PropertyId>204</PropertyId><PropertyType>0</PropertyType><PropertyName>Maximum Instance Count</PropertyName><PropertyValue>;h:1</PropertyValue></Property><Property><PropertyId>6</PropertyId><PropertyType>0</PropertyType><PropertyName>Title Width</PropertyName><PropertyValue>30</PropertyValue></Property><Property><PropertyId>8000</PropertyId><PropertyType>4</PropertyType><PropertyName>Title</PropertyName><PropertyValue>8M</PropertyValue></Property><Property><PropertyId>3</PropertyId><PropertyType>0</PropertyType><PropertyName>Width</PropertyName><PropertyValue>90</PropertyValue></Property><Property><PropertyId>2</PropertyId><PropertyType>0</PropertyType><PropertyName>Top</PropertyName><PropertyValue>182</PropertyValue></Property><Property><PropertyId>1</PropertyId><PropertyType>0</PropertyType><PropertyName>Left</PropertyName><PropertyValue>3</PropertyValue></Property><Property><PropertyId>11</PropertyId><PropertyType>0</PropertyType><PropertyName>Format</PropertyName><PropertyValue>1005</PropertyValue></Property><Property><PropertyId>21</PropertyId><PropertyType>0</PropertyType><PropertyName>State</PropertyName><PropertyValue>1</PropertyValue></Property><Property><PropertyId>24</PropertyId><PropertyType>0</PropertyType><PropertyName>Field Order</PropertyName><PropertyValue>180</PropertyValue></Property><Property><PropertyId>0</PropertyId><PropertyType>0</PropertyType><PropertyName>Field Type</PropertyName><PropertyValue>11</PropertyValue></Property></Field><Field Id='208'><Property><PropertyId>207</PropertyId><PropertyType>0</PropertyType><PropertyName>Load Factor</PropertyName><PropertyValue>2</PropertyValue></Property><Property><PropertyId>206</PropertyId><PropertyType>0</PropertyType><PropertyName>Version</PropertyName><PropertyValue>5</PropertyValue></Property><Property><PropertyId>8201</PropertyId><PropertyType>4</PropertyType><PropertyName>Included Interfaces</PropertyName><PropertyValue></PropertyValue></Property><Property><PropertyId>204</PropertyId><PropertyType>0</PropertyType><PropertyName>Maximum Instance Count</PropertyName><PropertyValue>;h:1</PropertyValue></Property><Property><PropertyId>6</PropertyId><PropertyType>0</PropertyType><PropertyName>Title Width</PropertyName><PropertyValue>30</PropertyValue></Property><Property><PropertyId>8000</PropertyId><PropertyType>4</PropertyType><PropertyName>Title</PropertyName><PropertyValue>9M</PropertyValue></Property><Property><PropertyId>3</PropertyId><PropertyType>0</PropertyType><PropertyName>Width</PropertyName><PropertyValue>90</PropertyValue></Property><Property><PropertyId>2</PropertyId><PropertyType>0</PropertyType><PropertyName>Top</PropertyName><PropertyValue>199</PropertyValue></Property><Property><PropertyId>1</PropertyId><PropertyType>0</PropertyType><PropertyName>Left</PropertyName><PropertyValue>3</PropertyValue></Property><Property><PropertyId>11</PropertyId><PropertyType>0</PropertyType><PropertyName>Format</PropertyName><PropertyValue>1005</PropertyValue></Property><Property><PropertyId>21</PropertyId><PropertyType>0</PropertyType><PropertyName>State</PropertyName><PropertyValue>1</PropertyValue></Property><Property><PropertyId>24</PropertyId><PropertyType>0</PropertyType><PropertyName>Field Order</PropertyName><PropertyValue>200</PropertyValue></Property><Property><PropertyId>0</PropertyId><PropertyType>0</PropertyType><PropertyName>Field Type</PropertyName><PropertyValue>11</PropertyValue></Property></Field><Field Id='209'><Property><PropertyId>207</PropertyId><PropertyType>0</PropertyType><PropertyName>Load Factor</PropertyName><PropertyValue>2</PropertyValue></Property><Property><PropertyId>206</PropertyId><PropertyType>0</PropertyType><PropertyName>Version</PropertyName><PropertyValue>5</PropertyValue></Property><Property><PropertyId>8201</PropertyId><PropertyType>4</PropertyType><PropertyName>Included Interfaces</PropertyName><PropertyValue></PropertyValue></Property><Property><PropertyId>204</PropertyId><PropertyType>0</PropertyType><PropertyName>Maximum Instance Count</PropertyName><PropertyValue>;h:1</PropertyValue></Property><Property><PropertyId>6</PropertyId><PropertyType>0</PropertyType><PropertyName>Title Width</PropertyName><PropertyValue>30</PropertyValue></Property><Property><PropertyId>8000</PropertyId><PropertyType>4</PropertyType><PropertyName>Title</PropertyName><PropertyValue>10M</PropertyValue></Property><Property><PropertyId>3</PropertyId><PropertyType>0</PropertyType><PropertyName>Width</PropertyName><PropertyValue>90</PropertyValue></Property><Property><PropertyId>2</PropertyId><PropertyType>0</PropertyType><PropertyName>Top</PropertyName><PropertyValue>216</PropertyValue></Property><Property><PropertyId>1</PropertyId><PropertyType>0</PropertyType><PropertyName>Left</PropertyName><PropertyValue>3</PropertyValue></Property><Property><PropertyId>11</PropertyId><PropertyType>0</PropertyType><PropertyName>Format</PropertyName><PropertyValue>1005</PropertyValue></Property><Property><PropertyId>21</PropertyId><PropertyType>0</PropertyType><PropertyName>State</PropertyName><PropertyValue>1</PropertyValue></Property><Property><PropertyId>24</PropertyId><PropertyType>0</PropertyType><PropertyName>Field Order</PropertyName><PropertyValue>220</PropertyValue></Property><Property><PropertyId>0</PropertyId><PropertyType>0</PropertyType><PropertyName>Field Type</PropertyName><PropertyValue>11</PropertyValue></Property></Field><Field Id='210'><Property><PropertyId>207</PropertyId><PropertyType>0</PropertyType><PropertyName>Load Factor</PropertyName><PropertyValue>2</PropertyValue></Property><Property><PropertyId>206</PropertyId><PropertyType>0</PropertyType><PropertyName>Version</PropertyName><PropertyValue>5</PropertyValue></Property><Property><PropertyId>8201</PropertyId><PropertyType>4</PropertyType><PropertyName>Included Interfaces</PropertyName><PropertyValue></PropertyValue></Property><Property><PropertyId>204</PropertyId><PropertyType>0</PropertyType><PropertyName>Maximum Instance Count</PropertyName><PropertyValue>;h:1</PropertyValue></Property><Property><PropertyId>6</PropertyId><PropertyType>0</PropertyType><PropertyName>Title Width</PropertyName><PropertyValue>30</PropertyValue></Property><Property><PropertyId>8000</PropertyId><PropertyType>4</PropertyType><PropertyName>Title</PropertyName><PropertyValue>11M</PropertyValue></Property><Property><PropertyId>3</PropertyId><PropertyType>0</PropertyType><PropertyName>Width</PropertyName><PropertyValue>90</PropertyValue></Property><Property><PropertyId>2</PropertyId><PropertyType>0</PropertyType><PropertyName>Top</PropertyName><PropertyValue>233</PropertyValue></Property><Property><PropertyId>1</PropertyId><PropertyType>0</PropertyType><PropertyName>Left</PropertyName><PropertyValue>3</PropertyValue></Property><Property><PropertyId>11</PropertyId><PropertyType>0</PropertyType><PropertyName>Format</PropertyName><PropertyValue>1005</PropertyValue></Property><Property><PropertyId>21</PropertyId><PropertyType>0</PropertyType><PropertyName>State</PropertyName><PropertyValue>1</PropertyValue></Property><Property><PropertyId>24</PropertyId><PropertyType>0</PropertyType><PropertyName>Field Order</PropertyName><PropertyValue>240</PropertyValue></Property><Property><PropertyId>0</PropertyId><PropertyType>0</PropertyType><PropertyName>Field Type</PropertyName><PropertyValue>11</PropertyValue></Property></Field><Field Id='211'><Property><PropertyId>207</PropertyId><PropertyType>0</PropertyType><PropertyName>Load Factor</PropertyName><PropertyValue>2</PropertyValue></Property><Property><PropertyId>206</PropertyId><PropertyType>0</PropertyType><PropertyName>Version</PropertyName><PropertyValue>5</PropertyValue></Property><Property><PropertyId>8201</PropertyId><PropertyType>4</PropertyType><PropertyName>Included Interfaces</PropertyName><PropertyValue></PropertyValue></Property><Property><PropertyId>204</PropertyId><PropertyType>0</PropertyType><PropertyName>Maximum Instance Count</PropertyName><PropertyValue>;h:1</PropertyValue></Property><Property><PropertyId>6</PropertyId><PropertyType>0</PropertyType><PropertyName>Title Width</PropertyName><PropertyValue>30</PropertyValue></Property><Property><PropertyId>8000</PropertyId><PropertyType>4</PropertyType><PropertyName>Title</PropertyName><PropertyValue>12M</PropertyValue></Property><Property><PropertyId>3</PropertyId><PropertyType>0</PropertyType><PropertyName>Width</PropertyName><PropertyValue>90</PropertyValue></Property><Property><PropertyId>2</PropertyId><PropertyType>0</PropertyType><PropertyName>Top</PropertyName><PropertyValue>250</PropertyValue></Property><Property><PropertyId>1</PropertyId><PropertyType>0</PropertyType><PropertyName>Left</PropertyName><PropertyValue>3</PropertyValue></Property><Property><PropertyId>11</PropertyId><PropertyType>0</PropertyType><PropertyName>Format</PropertyName><PropertyValue>1005</PropertyValue></Property><Property><PropertyId>21</PropertyId><PropertyType>0</PropertyType><PropertyName>State</PropertyName><PropertyValue>1</PropertyValue></Property><Property><PropertyId>24</PropertyId><PropertyType>0</PropertyType><PropertyName>Field Order</PropertyName><PropertyValue>260</PropertyValue></Property><Property><PropertyId>0</PropertyId><PropertyType>0</PropertyType><PropertyName>Field Type</PropertyName><PropertyValue>11</PropertyValue></Property></Field><Field Id='300'><Property><PropertyId>207</PropertyId><PropertyType>0</PropertyType><PropertyName>Load Factor</PropertyName><PropertyValue>2</PropertyValue></Property><Property><PropertyId>206</PropertyId><PropertyType>0</PropertyType><PropertyName>Version</PropertyName><PropertyValue>5</PropertyValue></Property><Property><PropertyId>8201</PropertyId><PropertyType>4</PropertyType><PropertyName>Included Interfaces</PropertyName><PropertyValue></PropertyValue></Property><Property><PropertyId>204</PropertyId><PropertyType>0</PropertyType><PropertyName>Maximum Instance Count</PropertyName><PropertyValue>;h:1</PropertyValue></Property><Property><PropertyId>3</PropertyId><PropertyType>0</PropertyType><PropertyName>Width</PropertyName><PropertyValue>60</PropertyValue></Property><Property><PropertyId>2</PropertyId><PropertyType>0</PropertyType><PropertyName>Top</PropertyName><PropertyValue>63</PropertyValue></Property><Property><PropertyId>1</PropertyId><PropertyType>0</PropertyType><PropertyName>Left</PropertyName><PropertyValue>96</PropertyValue></Property><Property><PropertyId>11</PropertyId><PropertyType>0</PropertyType><PropertyName>Format</PropertyName><PropertyValue>1005</PropertyValue></Property><Property><PropertyId>21</PropertyId><PropertyType>0</PropertyType><PropertyName>State</PropertyName><PropertyValue>1</PropertyValue></Property><Property><PropertyId>2000</PropertyId><PropertyType>1</PropertyType><PropertyName>Value ;l:Double;r:</PropertyName><PropertyValue>9.00000000</PropertyValue></Property><Property><PropertyId>24</PropertyId><PropertyType>0</PropertyType><PropertyName>Field Order</PropertyName><PropertyValue>40</PropertyValue></Property><Property><PropertyId>0</PropertyId><PropertyType>0</PropertyType><PropertyName>Field Type</PropertyName><PropertyValue>11</PropertyValue></Property></Field><Field Id='301'><Property><PropertyId>207</PropertyId><PropertyType>0</PropertyType><PropertyName>Load Factor</PropertyName><PropertyValue>2</PropertyValue></Property><Property><PropertyId>206</PropertyId><PropertyType>0</PropertyType><PropertyName>Version</PropertyName><PropertyValue>5</PropertyValue></Property><Property><PropertyId>8201</PropertyId><PropertyType>4</PropertyType><PropertyName>Included Interfaces</PropertyName><PropertyValue></PropertyValue></Property><Property><PropertyId>204</PropertyId><PropertyType>0</PropertyType><PropertyName>Maximum Instance Count</PropertyName><PropertyValue>;h:1</PropertyValue></Property><Property><PropertyId>3</PropertyId><PropertyType>0</PropertyType><PropertyName>Width</PropertyName><PropertyValue>60</PropertyValue></Property><Property><PropertyId>2</PropertyId><PropertyType>0</PropertyType><PropertyName>Top</PropertyName><PropertyValue>80</PropertyValue></Property><Property><PropertyId>1</PropertyId><PropertyType>0</PropertyType><PropertyName>Left</PropertyName><PropertyValue>96</PropertyValue></Property><Property><PropertyId>11</PropertyId><PropertyType>0</PropertyType><PropertyName>Format</PropertyName><PropertyValue>1005</PropertyValue></Property><Property><PropertyId>21</PropertyId><PropertyType>0</PropertyType><PropertyName>State</PropertyName><PropertyValue>1</PropertyValue></Property><Property><PropertyId>24</PropertyId><PropertyType>0</PropertyType><PropertyName>Field Order</PropertyName><PropertyValue>70</PropertyValue></Property><Property><PropertyId>0</PropertyId><PropertyType>0</PropertyType><PropertyName>Field Type</PropertyName><PropertyValue>11</PropertyValue></Property></Field><Field Id='302'><Property><PropertyId>207</PropertyId><PropertyType>0</PropertyType><PropertyName>Load Factor</PropertyName><PropertyValue>2</PropertyValue></Property><Property><PropertyId>206</PropertyId><PropertyType>0</PropertyType><PropertyName>Version</PropertyName><PropertyValue>5</PropertyValue></Property><Property><PropertyId>8201</PropertyId><PropertyType>4</PropertyType><PropertyName>Included Interfaces</PropertyName><PropertyValue></PropertyValue></Property><Property><PropertyId>204</PropertyId><PropertyType>0</PropertyType><PropertyName>Maximum Instance Count</PropertyName><PropertyValue>;h:1</PropertyValue></Property><Property><PropertyId>3</PropertyId><PropertyType>0</PropertyType><PropertyName>Width</PropertyName><PropertyValue>60</PropertyValue></Property><Property><PropertyId>2</PropertyId><PropertyType>0</PropertyType><PropertyName>Top</PropertyName><PropertyValue>97</PropertyValue></Property><Property><PropertyId>1</PropertyId><PropertyType>0</PropertyType><PropertyName>Left</PropertyName><PropertyValue>96</PropertyValue></Property><Property><PropertyId>11</PropertyId><PropertyType>0</PropertyType><PropertyName>Format</PropertyName><PropertyValue>1005</PropertyValue></Property><Property><PropertyId>21</PropertyId><PropertyType>0</PropertyType><PropertyName>State</PropertyName><PropertyValue>1</PropertyValue></Property><Property><PropertyId>24</PropertyId><PropertyType>0</PropertyType><PropertyName>Field Order</PropertyName><PropertyValue>90</PropertyValue></Property><Property><PropertyId>0</PropertyId><PropertyType>0</PropertyType><PropertyName>Field Type</PropertyName><PropertyValue>11</PropertyValue></Property></Field><Field Id='303'><Property><PropertyId>207</PropertyId><PropertyType>0</PropertyType><PropertyName>Load Factor</PropertyName><PropertyValue>2</PropertyValue></Property><Property><PropertyId>206</PropertyId><PropertyType>0</PropertyType><PropertyName>Version</PropertyName><PropertyValue>5</PropertyValue></Property><Property><PropertyId>8201</PropertyId><PropertyType>4</PropertyType><PropertyName>Included Interfaces</PropertyName><PropertyValue></PropertyValue></Property><Property><PropertyId>204</PropertyId><PropertyType>0</PropertyType><PropertyName>Maximum Instance Count</PropertyName><PropertyValue>;h:1</PropertyValue></Property><Property><PropertyId>3</PropertyId><PropertyType>0</PropertyType><PropertyName>Width</PropertyName><PropertyValue>60</PropertyValue></Property><Property><PropertyId>2</PropertyId><PropertyType>0</PropertyType><PropertyName>Top</PropertyName><PropertyValue>114</PropertyValue></Property><Property><PropertyId>1</PropertyId><PropertyType>0</PropertyType><PropertyName>Left</PropertyName><PropertyValue>96</PropertyValue></Property><Property><PropertyId>11</PropertyId><PropertyType>0</PropertyType><PropertyName>Format</PropertyName><PropertyValue>1005</PropertyValue></Property><Property><PropertyId>21</PropertyId><PropertyType>0</PropertyType><PropertyName>State</PropertyName><PropertyValue>1</PropertyValue></Property><Property><PropertyId>24</PropertyId><PropertyType>0</PropertyType><PropertyName>Field Order</PropertyName><PropertyValue>110</PropertyValue></Property><Property><PropertyId>0</PropertyId><PropertyType>0</PropertyType><PropertyName>Field Type</PropertyName><PropertyValue>11</PropertyValue></Property></Field><Field Id='304'><Property><PropertyId>207</PropertyId><PropertyType>0</PropertyType><PropertyName>Load Factor</PropertyName><PropertyValue>2</PropertyValue></Property><Property><PropertyId>206</PropertyId><PropertyType>0</PropertyType><PropertyName>Version</PropertyName><PropertyValue>5</PropertyValue></Property><Property><PropertyId>8201</PropertyId><PropertyType>4</PropertyType><PropertyName>Included Interfaces</PropertyName><PropertyValue></PropertyValue></Property><Property><PropertyId>204</PropertyId><PropertyType>0</PropertyType><PropertyName>Maximum Instance Count</PropertyName><PropertyValue>;h:1</PropertyValue></Property><Property><PropertyId>3</PropertyId><PropertyType>0</PropertyType><PropertyName>Width</PropertyName><PropertyValue>60</PropertyValue></Property><Property><PropertyId>2</PropertyId><PropertyType>0</PropertyType><PropertyName>Top</PropertyName><PropertyValue>131</PropertyValue></Property><Property><PropertyId>1</PropertyId><PropertyType>0</PropertyType><PropertyName>Left</PropertyName><PropertyValue>96</PropertyValue></Property><Property><PropertyId>11</PropertyId><PropertyType>0</PropertyType><PropertyName>Format</PropertyName><PropertyValue>1005</PropertyValue></Property><Property><PropertyId>21</PropertyId><PropertyType>0</PropertyType><PropertyName>State</PropertyName><PropertyValue>1</PropertyValue></Property><Property><PropertyId>24</PropertyId><PropertyType>0</PropertyType><PropertyName>Field Order</PropertyName><PropertyValue>130</PropertyValue></Property><Property><PropertyId>0</PropertyId><PropertyType>0</PropertyType><PropertyName>Field Type</PropertyName><PropertyValue>11</PropertyValue></Property></Field><Field Id='305'><Property><PropertyId>207</PropertyId><PropertyType>0</PropertyType><PropertyName>Load Factor</PropertyName><PropertyValue>2</PropertyValue></Property><Property><PropertyId>206</PropertyId><PropertyType>0</PropertyType><PropertyName>Version</PropertyName><PropertyValue>5</PropertyValue></Property><Property><PropertyId>8201</PropertyId><PropertyType>4</PropertyType><PropertyName>Included Interfaces</PropertyName><PropertyValue></PropertyValue></Property><Property><PropertyId>204</PropertyId><PropertyType>0</PropertyType><PropertyName>Maximum Instance Count</PropertyName><PropertyValue>;h:1</PropertyValue></Property><Property><PropertyId>3</PropertyId><PropertyType>0</PropertyType><PropertyName>Width</PropertyName><PropertyValue>60</PropertyValue></Property><Property><PropertyId>2</PropertyId><PropertyType>0</PropertyType><PropertyName>Top</PropertyName><PropertyValue>148</PropertyValue></Property><Property><PropertyId>1</PropertyId><PropertyType>0</PropertyType><PropertyName>Left</PropertyName><PropertyValue>96</PropertyValue></Property><Property><PropertyId>11</PropertyId><PropertyType>0</PropertyType><PropertyName>Format</PropertyName><PropertyValue>1005</PropertyValue></Property><Property><PropertyId>21</PropertyId><PropertyType>0</PropertyType><PropertyName>State</PropertyName><PropertyValue>1</PropertyValue></Property><Property><PropertyId>24</PropertyId><PropertyType>0</PropertyType><PropertyName>Field Order</PropertyName><PropertyValue>150</PropertyValue></Property><Property><PropertyId>0</PropertyId><PropertyType>0</PropertyType><PropertyName>Field Type</PropertyName><PropertyValue>11</PropertyValue></Property></Field><Field Id='306'><Property><PropertyId>207</PropertyId><PropertyType>0</PropertyType><PropertyName>Load Factor</PropertyName><PropertyValue>2</PropertyValue></Property><Property><PropertyId>206</PropertyId><PropertyType>0</PropertyType><PropertyName>Version</PropertyName><PropertyValue>5</PropertyValue></Property><Property><PropertyId>8201</PropertyId><PropertyType>4</PropertyType><PropertyName>Included Interfaces</PropertyName><PropertyValue></PropertyValue></Property><Property><PropertyId>204</PropertyId><PropertyType>0</PropertyType><PropertyName>Maximum Instance Count</PropertyName><PropertyValue>;h:1</PropertyValue></Property><Property><PropertyId>3</PropertyId><PropertyType>0</PropertyType><PropertyName>Width</PropertyName><PropertyValue>60</PropertyValue></Property><Property><PropertyId>2</PropertyId><PropertyType>0</PropertyType><PropertyName>Top</PropertyName><PropertyValue>165</PropertyValue></Property><Property><PropertyId>1</PropertyId><PropertyType>0</PropertyType><PropertyName>Left</PropertyName><PropertyValue>96</PropertyValue></Property><Property><PropertyId>11</PropertyId><PropertyType>0</PropertyType><PropertyName>Format</PropertyName><PropertyValue>1005</PropertyValue></Property><Property><PropertyId>21</PropertyId><PropertyType>0</PropertyType><PropertyName>State</PropertyName><PropertyValue>1</PropertyValue></Property><Property><PropertyId>24</PropertyId><PropertyType>0</PropertyType><PropertyName>Field Order</PropertyName><PropertyValue>170</PropertyValue></Property><Property><PropertyId>0</PropertyId><PropertyType>0</PropertyType><PropertyName>Field Type</PropertyName><PropertyValue>11</PropertyValue></Property></Field><Field Id='307'><Property><PropertyId>207</PropertyId><PropertyType>0</PropertyType><PropertyName>Load Factor</PropertyName><PropertyValue>2</PropertyValue></Property><Property><PropertyId>206</PropertyId><PropertyType>0</PropertyType><PropertyName>Version</PropertyName><PropertyValue>5</PropertyValue></Property><Property><PropertyId>8201</PropertyId><PropertyType>4</PropertyType><PropertyName>Included Interfaces</PropertyName><PropertyValue></PropertyValue></Property><Property><PropertyId>204</PropertyId><PropertyType>0</PropertyType><PropertyName>Maximum Instance Count</PropertyName><PropertyValue>;h:1</PropertyValue></Property><Property><PropertyId>3</PropertyId><PropertyType>0</PropertyType><PropertyName>Width</PropertyName><PropertyValue>60</PropertyValue></Property><Property><PropertyId>2</PropertyId><PropertyType>0</PropertyType><PropertyName>Top</PropertyName><PropertyValue>182</PropertyValue></Property><Property><PropertyId>1</PropertyId><PropertyType>0</PropertyType><PropertyName>Left</PropertyName><PropertyValue>96</PropertyValue></Property><Property><PropertyId>11</PropertyId><PropertyType>0</PropertyType><PropertyName>Format</PropertyName><PropertyValue>1005</PropertyValue></Property><Property><PropertyId>21</PropertyId><PropertyType>0</PropertyType><PropertyName>State</PropertyName><PropertyValue>1</PropertyValue></Property><Property><PropertyId>24</PropertyId><PropertyType>0</PropertyType><PropertyName>Field Order</PropertyName><PropertyValue>190</PropertyValue></Property><Property><PropertyId>0</PropertyId><PropertyType>0</PropertyType><PropertyName>Field Type</PropertyName><PropertyValue>11</PropertyValue></Property></Field><Field Id='308'><Property><PropertyId>207</PropertyId><PropertyType>0</PropertyType><PropertyName>Load Factor</PropertyName><PropertyValue>2</PropertyValue></Property><Property><PropertyId>206</PropertyId><PropertyType>0</PropertyType><PropertyName>Version</PropertyName><PropertyValue>5</PropertyValue></Property><Property><PropertyId>8201</PropertyId><PropertyType>4</PropertyType><PropertyName>Included Interfaces</PropertyName><PropertyValue></PropertyValue></Property><Property><PropertyId>204</PropertyId><PropertyType>0</PropertyType><PropertyName>Maximum Instance Count</PropertyName><PropertyValue>;h:1</PropertyValue></Property><Property><PropertyId>3</PropertyId><PropertyType>0</PropertyType><PropertyName>Width</PropertyName><PropertyValue>60</PropertyValue></Property><Property><PropertyId>2</PropertyId><PropertyType>0</PropertyType><PropertyName>Top</PropertyName><PropertyValue>199</PropertyValue></Property><Property><PropertyId>1</PropertyId><PropertyType>0</PropertyType><PropertyName>Left</PropertyName><PropertyValue>96</PropertyValue></Property><Property><PropertyId>11</PropertyId><PropertyType>0</PropertyType><PropertyName>Format</PropertyName><PropertyValue>1005</PropertyValue></Property><Property><PropertyId>21</PropertyId><PropertyType>0</PropertyType><PropertyName>State</PropertyName><PropertyValue>1</PropertyValue></Property><Property><PropertyId>24</PropertyId><PropertyType>0</PropertyType><PropertyName>Field Order</PropertyName><PropertyValue>210</PropertyValue></Property><Property><PropertyId>0</PropertyId><PropertyType>0</PropertyType><PropertyName>Field Type</PropertyName><PropertyValue>11</PropertyValue></Property></Field><Field Id='309'><Property><PropertyId>207</PropertyId><PropertyType>0</PropertyType><PropertyName>Load Factor</PropertyName><PropertyValue>2</PropertyValue></Property><Property><PropertyId>206</PropertyId><PropertyType>0</PropertyType><PropertyName>Version</PropertyName><PropertyValue>5</PropertyValue></Property><Property><PropertyId>8201</PropertyId><PropertyType>4</PropertyType><PropertyName>Included Interfaces</PropertyName><PropertyValue></PropertyValue></Property><Property><PropertyId>204</PropertyId><PropertyType>0</PropertyType><PropertyName>Maximum Instance Count</PropertyName><PropertyValue>;h:1</PropertyValue></Property><Property><PropertyId>3</PropertyId><PropertyType>0</PropertyType><PropertyName>Width</PropertyName><PropertyValue>60</PropertyValue></Property><Property><PropertyId>2</PropertyId><PropertyType>0</PropertyType><PropertyName>Top</PropertyName><PropertyValue>216</PropertyValue></Property><Property><PropertyId>1</PropertyId><PropertyType>0</PropertyType><PropertyName>Left</PropertyName><PropertyValue>96</PropertyValue></Property><Property><PropertyId>11</PropertyId><PropertyType>0</PropertyType><PropertyName>Format</PropertyName><PropertyValue>1005</PropertyValue></Property><Property><PropertyId>21</PropertyId><PropertyType>0</PropertyType><PropertyName>State</PropertyName><PropertyValue>1</PropertyValue></Property><Property><PropertyId>24</PropertyId><PropertyType>0</PropertyType><PropertyName>Field Order</PropertyName><PropertyValue>230</PropertyValue></Property><Property><PropertyId>0</PropertyId><PropertyType>0</PropertyType><PropertyName>Field Type</PropertyName><PropertyValue>11</PropertyValue></Property></Field><Field Id='310'><Property><PropertyId>207</PropertyId><PropertyType>0</PropertyType><PropertyName>Load Factor</PropertyName><PropertyValue>2</PropertyValue></Property><Property><PropertyId>206</PropertyId><PropertyType>0</PropertyType><PropertyName>Version</PropertyName><PropertyValue>5</PropertyValue></Property><Property><PropertyId>8201</PropertyId><PropertyType>4</PropertyType><PropertyName>Included Interfaces</PropertyName><PropertyValue></PropertyValue></Property><Property><PropertyId>204</PropertyId><PropertyType>0</PropertyType><PropertyName>Maximum Instance Count</PropertyName><PropertyValue>;h:1</PropertyValue></Property><Property><PropertyId>3</PropertyId><PropertyType>0</PropertyType><PropertyName>Width</PropertyName><PropertyValue>60</PropertyValue></Property><Property><PropertyId>2</PropertyId><PropertyType>0</PropertyType><PropertyName>Top</PropertyName><PropertyValue>233</PropertyValue></Property><Property><PropertyId>1</PropertyId><PropertyType>0</PropertyType><PropertyName>Left</PropertyName><PropertyValue>96</PropertyValue></Property><Property><PropertyId>11</PropertyId><PropertyType>0</PropertyType><PropertyName>Format</PropertyName><PropertyValue>1005</PropertyValue></Property><Property><PropertyId>21</PropertyId><PropertyType>0</PropertyType><PropertyName>State</PropertyName><PropertyValue>1</PropertyValue></Property><Property><PropertyId>24</PropertyId><PropertyType>0</PropertyType><PropertyName>Field Order</PropertyName><PropertyValue>250</PropertyValue></Property><Property><PropertyId>0</PropertyId><PropertyType>0</PropertyType><PropertyName>Field Type</PropertyName><PropertyValue>11</PropertyValue></Property></Field><Field Id='311'><Property><PropertyId>207</PropertyId><PropertyType>0</PropertyType><PropertyName>Load Factor</PropertyName><PropertyValue>2</PropertyValue></Property><Property><PropertyId>206</PropertyId><PropertyType>0</PropertyType><PropertyName>Version</PropertyName><PropertyValue>5</PropertyValue></Property><Property><PropertyId>8201</PropertyId><PropertyType>4</PropertyType><PropertyName>Included Interfaces</PropertyName><PropertyValue></PropertyValue></Property><Property><PropertyId>204</PropertyId><PropertyType>0</PropertyType><PropertyName>Maximum Instance Count</PropertyName><PropertyValue>;h:1</PropertyValue></Property><Property><PropertyId>3</PropertyId><PropertyType>0</PropertyType><PropertyName>Width</PropertyName><PropertyValue>60</PropertyValue></Property><Property><PropertyId>2</PropertyId><PropertyType>0</PropertyType><PropertyName>Top</PropertyName><PropertyValue>250</PropertyValue></Property><Property><PropertyId>1</PropertyId><PropertyType>0</PropertyType><PropertyName>Left</PropertyName><PropertyValue>96</PropertyValue></Property><Property><PropertyId>11</PropertyId><PropertyType>0</PropertyType><PropertyName>Format</PropertyName><PropertyValue>1005</PropertyValue></Property><Property><PropertyId>21</PropertyId><PropertyType>0</PropertyType><PropertyName>State</PropertyName><PropertyValue>1</PropertyValue></Property><Property><PropertyId>24</PropertyId><PropertyType>0</PropertyType><PropertyName>Field Order</PropertyName><PropertyValue>270</PropertyValue></Property><Property><PropertyId>0</PropertyId><PropertyType>0</PropertyType><PropertyName>Field Type</PropertyName><PropertyValue>11</PropertyValue></Property></Field><Field Id='9000'><Property><PropertyId>29</PropertyId><PropertyType>0</PropertyType><PropertyName>Action Link</PropertyName><PropertyValue>9004</PropertyValue></Property><Property><PropertyId>28</PropertyId><PropertyType>0</PropertyType><PropertyName>Action Type</PropertyName><PropertyValue>1</PropertyValue></Property><Property><PropertyId>42</PropertyId><PropertyType>0</PropertyType><PropertyName>Action Data 3</PropertyName><PropertyValue>;h:100</PropertyValue></Property><Property><PropertyId>41</PropertyId><PropertyType>0</PropertyType><PropertyName>Action Data 2</PropertyName><PropertyValue>1</PropertyValue></Property><Property><PropertyId>40</PropertyId><PropertyType>0</PropertyType><PropertyName>Action Data 1</PropertyName><PropertyValue>1</PropertyValue></Property><Property><PropertyId>207</PropertyId><PropertyType>0</PropertyType><PropertyName>Load Factor</PropertyName><PropertyValue>2</PropertyValue></Property><Property><PropertyId>206</PropertyId><PropertyType>0</PropertyType><PropertyName>Version</PropertyName><PropertyValue>5</PropertyValue></Property><Property><PropertyId>8201</PropertyId><PropertyType>4</PropertyType><PropertyName>Included Interfaces</PropertyName><PropertyValue></PropertyValue></Property><Property><PropertyId>204</PropertyId><PropertyType>0</PropertyType><PropertyName>Maximum Instance Count</PropertyName><PropertyValue>;h:1</PropertyValue></Property><Property><PropertyId>8003</PropertyId><PropertyType>4</PropertyType><PropertyName>List Data</PropertyName><PropertyValue>\;e:&gt;Min</PropertyValue></Property><Property><PropertyId>8000</PropertyId><PropertyType>4</PropertyType><PropertyName>Title</PropertyName><PropertyValue>\;e:&gt;Min</PropertyValue></Property><Property><PropertyId>4</PropertyId><PropertyType>0</PropertyType><PropertyName>Height</PropertyName><PropertyValue>20</PropertyValue></Property><Property><PropertyId>3</PropertyId><PropertyType>0</PropertyType><PropertyName>Width</PropertyName><PropertyValue>50</PropertyValue></Property><Property><PropertyId>2</PropertyId><PropertyType>0</PropertyType><PropertyName>Top</PropertyName><PropertyValue>3</PropertyValue></Property><Property><PropertyId>1</PropertyId><PropertyType>0</PropertyType><PropertyName>Left</PropertyName><PropertyValue>1</PropertyValue></Property><Property><PropertyId>24</PropertyId><PropertyType>0</PropertyType><PropertyName>Field Order</PropertyName><PropertyValue>320</PropertyValue></Property><Property><PropertyId>0</PropertyId><PropertyType>0</PropertyType><PropertyName>Field Type</PropertyName><PropertyValue>25</PropertyValue></Property></Field><Field Id='9001'><Property><PropertyId>29</PropertyId><PropertyType>0</PropertyType><PropertyName>Action Link</PropertyName><PropertyValue>9004</PropertyValue></Property><Property><PropertyId>28</PropertyId><PropertyType>0</PropertyType><PropertyName>Action Type</PropertyName><PropertyValue>1</PropertyValue></Property><Property><PropertyId>42</PropertyId><PropertyType>0</PropertyType><PropertyName>Action Data 3</PropertyName><PropertyValue>100</PropertyValue></Property><Property><PropertyId>41</PropertyId><PropertyType>0</PropertyType><PropertyName>Action Data 2</PropertyName><PropertyValue>1</PropertyValue></Property><Property><PropertyId>40</PropertyId><PropertyType>0</PropertyType><PropertyName>Action Data 1</PropertyName><PropertyValue>1</PropertyValue></Property><Property><PropertyId>207</PropertyId><PropertyType>0</PropertyType><PropertyName>Load Factor</PropertyName><PropertyValue>2</PropertyValue></Property><Property><PropertyId>206</PropertyId><PropertyType>0</PropertyType><PropertyName>Version</PropertyName><PropertyValue>5</PropertyValue></Property><Property><PropertyId>8201</PropertyId><PropertyType>4</PropertyType><PropertyName>Included Interfaces</PropertyName><PropertyValue></PropertyValue></Property><Property><PropertyId>204</PropertyId><PropertyType>0</PropertyType><PropertyName>Maximum Instance Count</PropertyName><PropertyValue>;h:1</PropertyValue></Property><Property><PropertyId>8003</PropertyId><PropertyType>4</PropertyType><PropertyName>List Data</PropertyName><PropertyValue>\;e:&gt;Max</PropertyValue></Property><Property><PropertyId>8000</PropertyId><PropertyType>4</PropertyType><PropertyName>Title</PropertyName><PropertyValue>\;e:&gt;Max</PropertyValue></Property><Property><PropertyId>4</PropertyId><PropertyType>0</PropertyType><PropertyName>Height</PropertyName><PropertyValue>20</PropertyValue></Property><Property><PropertyId>3</PropertyId><PropertyType>0</PropertyType><PropertyName>Width</PropertyName><PropertyValue>50</PropertyValue></Property><Property><PropertyId>2</PropertyId><PropertyType>0</PropertyType><PropertyName>Top</PropertyName><PropertyValue>3</PropertyValue></Property><Property><PropertyId>1</PropertyId><PropertyType>0</PropertyType><PropertyName>Left</PropertyName><PropertyValue>107</PropertyValue></Property><Property><PropertyId>24</PropertyId><PropertyType>0</PropertyType><PropertyName>Field Order</PropertyName><PropertyValue>330</PropertyValue></Property><Property><PropertyId>0</PropertyId><PropertyType>0</PropertyType><PropertyName>Field Type</PropertyName><PropertyValue>25</PropertyValue></Property></Field><Field Id='9002'><Property><PropertyId>29</PropertyId><PropertyType>0</PropertyType><PropertyName>Action Link</PropertyName><PropertyValue>9004</PropertyValue></Property><Property><PropertyId>28</PropertyId><PropertyType>0</PropertyType><PropertyName>Action Type</PropertyName><PropertyValue>1</PropertyValue></Property><Property><PropertyId>41</PropertyId><PropertyType>0</PropertyType><PropertyName>Action Data 2</PropertyName><PropertyValue>1</PropertyValue></Property><Property><PropertyId>40</PropertyId><PropertyType>0</PropertyType><PropertyName>Action Data 1</PropertyName><PropertyValue>1</PropertyValue></Property><Property><PropertyId>207</PropertyId><PropertyType>0</PropertyType><PropertyName>Load Factor</PropertyName><PropertyValue>2</PropertyValue></Property><Property><PropertyId>206</PropertyId><PropertyType>0</PropertyType><PropertyName>Version</PropertyName><PropertyValue>5</PropertyValue></Property><Property><PropertyId>8201</PropertyId><PropertyType>4</PropertyType><PropertyName>Included Interfaces</PropertyName><PropertyValue></PropertyValue></Property><Property><PropertyId>204</PropertyId><PropertyType>0</PropertyType><PropertyName>Maximum Instance Count</PropertyName><PropertyValue>;h:1</PropertyValue></Property><Property><PropertyId>8003</PropertyId><PropertyType>4</PropertyType><PropertyName>List Data</PropertyName><PropertyValue>&lt;&lt;</PropertyValue></Property><Property><PropertyId>8000</PropertyId><PropertyType>4</PropertyType><PropertyName>Title</PropertyName><PropertyValue>&lt;&lt;</PropertyValue></Property><Property><PropertyId>4</PropertyId><PropertyType>0</PropertyType><PropertyName>Height</PropertyName><PropertyValue>20</PropertyValue></Property><Property><PropertyId>3</PropertyId><PropertyType>0</PropertyType><PropertyName>Width</PropertyName><PropertyValue>25</PropertyValue></Property><Property><PropertyId>2</PropertyId><PropertyType>0</PropertyType><PropertyName>Top</PropertyName><PropertyValue>3</PropertyValue></Property><Property><PropertyId>1</PropertyId><PropertyType>0</PropertyType><PropertyName>Left</PropertyName><PropertyValue>53</PropertyValue></Property><Property><PropertyId>24</PropertyId><PropertyType>0</PropertyType><PropertyName>Field Order</PropertyName><PropertyValue>340</PropertyValue></Property><Property><PropertyId>0</PropertyId><PropertyType>0</PropertyType><PropertyName>Field Type</PropertyName><PropertyValue>25</PropertyValue></Property></Field><Field Id='9003'><Property><PropertyId>29</PropertyId><PropertyType>0</PropertyType><PropertyName>Action Link</PropertyName><PropertyValue>9004</PropertyValue></Property><Property><PropertyId>28</PropertyId><PropertyType>0</PropertyType><PropertyName>Action Type</PropertyName><PropertyValue>1</PropertyValue></Property><Property><PropertyId>42</PropertyId><PropertyType>0</PropertyType><PropertyName>Action Data 3</PropertyName><PropertyValue>1</PropertyValue></Property><Property><PropertyId>41</PropertyId><PropertyType>0</PropertyType><PropertyName>Action Data 2</PropertyName><PropertyValue>1</PropertyValue></Property><Property><PropertyId>40</PropertyId><PropertyType>0</PropertyType><PropertyName>Action Data 1</PropertyName><PropertyValue>1</PropertyValue></Property><Property><PropertyId>207</PropertyId><PropertyType>0</PropertyType><PropertyName>Load Factor</PropertyName><PropertyValue>2</PropertyValue></Property><Property><PropertyId>206</PropertyId><PropertyType>0</PropertyType><PropertyName>Version</PropertyName><PropertyValue>5</PropertyValue></Property><Property><PropertyId>8201</PropertyId><PropertyType>4</PropertyType><PropertyName>Included Interfaces</PropertyName><PropertyValue></PropertyValue></Property><Property><PropertyId>204</PropertyId><PropertyType>0</PropertyType><PropertyName>Maximum Instance Count</PropertyName><PropertyValue>;h:1</PropertyValue></Property><Property><PropertyId>8003</PropertyId><PropertyType>4</PropertyType><PropertyName>List Data</PropertyName><PropertyValue>&gt;&gt;</PropertyValue></Property><Property><PropertyId>8000</PropertyId><PropertyType>4</PropertyType><PropertyName>Title</PropertyName><PropertyValue>&gt;&gt;</PropertyValue></Property><Property><PropertyId>4</PropertyId><PropertyType>0</PropertyType><PropertyName>Height</PropertyName><PropertyValue>20</PropertyValue></Property><Property><PropertyId>3</PropertyId><PropertyType>0</PropertyType><PropertyName>Width</PropertyName><PropertyValue>25</PropertyValue></Property><Property><PropertyId>2</PropertyId><PropertyType>0</PropertyType><PropertyName>Top</PropertyName><PropertyValue>3</PropertyValue></Property><Property><PropertyId>1</PropertyId><PropertyType>0</PropertyType><PropertyName>Left</PropertyName><PropertyValue>80</PropertyValue></Property><Property><PropertyId>24</PropertyId><PropertyType>0</PropertyType><PropertyName>Field Order</PropertyName><PropertyValue>350</PropertyValue></Property><Property><PropertyId>0</PropertyId><PropertyType>0</PropertyType><PropertyName>Field Type</PropertyName><PropertyValue>25</PropertyValue></Property></Field><Field Id='9004'><Property><PropertyId>37</PropertyId><PropertyType>0</PropertyType><PropertyName>Action Offset</PropertyName><PropertyValue>200</PropertyValue></Property><Property><PropertyId>33</PropertyId><PropertyType>0</PropertyType><PropertyName>Action ID Upper</PropertyName><PropertyValue>1000</PropertyValue></Property><Property><PropertyId>32</PropertyId><PropertyType>0</PropertyType><PropertyName>Action ID Lower</PropertyName><PropertyValue>200</PropertyValue></Property><Property><PropertyId>28</PropertyId><PropertyType>0</PropertyType><PropertyName>Action Type</PropertyName><PropertyValue>1</PropertyValue></Property><Property><PropertyId>41</PropertyId><PropertyType>0</PropertyType><PropertyName>Action Data 2</PropertyName><PropertyValue>12</PropertyValue></Property><Property><PropertyId>40</PropertyId><PropertyType>0</PropertyType><PropertyName>Action Data 1</PropertyName><PropertyValue>1</PropertyValue></Property><Property><PropertyId>207</PropertyId><PropertyType>0</PropertyType><PropertyName>Load Factor</PropertyName><PropertyValue>2</PropertyValue></Property><Property><PropertyId>206</PropertyId><PropertyType>0</PropertyType><PropertyName>Version</PropertyName><PropertyValue>5</PropertyValue></Property><Property><PropertyId>8201</PropertyId><PropertyType>4</PropertyType><PropertyName>Included Interfaces</PropertyName><PropertyValue></PropertyValue></Property><Property><PropertyId>204</PropertyId><PropertyType>0</PropertyType><PropertyName>Maximum Instance Count</PropertyName><PropertyValue>;h:1</PropertyValue></Property><Property><PropertyId>3</PropertyId><PropertyType>0</PropertyType><PropertyName>Width</PropertyName><PropertyValue>30</PropertyValue></Property><Property><PropertyId>2</PropertyId><PropertyType>0</PropertyType><PropertyName>Top</PropertyName><PropertyValue>45</PropertyValue></Property><Property><PropertyId>1</PropertyId><PropertyType>0</PropertyType><PropertyName>Left</PropertyName><PropertyValue>3</PropertyValue></Property><Property><PropertyId>8</PropertyId><PropertyType>0</PropertyType><PropertyName>Visible</PropertyName><PropertyValue>0</PropertyValue></Property><Property><PropertyId>22</PropertyId><PropertyType>0</PropertyType><PropertyName>Value ;l:Integer;r:</PropertyName><PropertyValue>12</PropertyValue></Property><Property><PropertyId>24</PropertyId><PropertyType>0</PropertyType><PropertyName>Field Order</PropertyName><PropertyValue>310</PropertyValue></Property><Property><PropertyId>0</PropertyId><PropertyType>0</PropertyType><PropertyName>Field Type</PropertyName><PropertyValue>10</PropertyValue></Property></Field><Field Id='100002'><Property><PropertyId>207</PropertyId><PropertyType>0</PropertyType><PropertyName>Load Factor</PropertyName><PropertyValue>2</PropertyValue></Property><Property><PropertyId>206</PropertyId><PropertyType>0</PropertyType><PropertyName>Version</PropertyName><PropertyValue>5</PropertyValue></Property><Property><PropertyId>8201</PropertyId><PropertyType>4</PropertyType><PropertyName>Included Interfaces</PropertyName><PropertyValue></PropertyValue></Property><Property><PropertyId>204</PropertyId><PropertyType>0</PropertyType><PropertyName>Maximum Instance Count</PropertyName><PropertyValue>;h:1</PropertyValue></Property><Property><PropertyId>8000</PropertyId><PropertyType>4</PropertyType><PropertyName>Title</PropertyName><PropertyValue>Ask</PropertyValue></Property><Property><PropertyId>4</PropertyId><PropertyType>0</PropertyType><PropertyName>Height</PropertyName><PropertyValue>16</PropertyValue></Property><Property><PropertyId>3</PropertyId><PropertyType>0</PropertyType><PropertyName>Width</PropertyName><PropertyValue>60</PropertyValue></Property><Property><PropertyId>2</PropertyId><PropertyType>0</PropertyType><PropertyName>Top</PropertyName><PropertyValue>46</PropertyValue></Property><Property><PropertyId>1</PropertyId><PropertyType>0</PropertyType><PropertyName>Left</PropertyName><PropertyValue>96</PropertyValue></Property><Property><PropertyId>24</PropertyId><PropertyType>0</PropertyType><PropertyName>Field Order</PropertyName><PropertyValue>50</PropertyValue></Property><Property><PropertyId>0</PropertyId><PropertyType>0</PropertyType><PropertyName>Field Type</PropertyName><PropertyValue>0</PropertyValue></Property></Field><Field Id='100003'><Property><PropertyId>207</PropertyId><PropertyType>0</PropertyType><PropertyName>Load Factor</PropertyName><PropertyValue>2</PropertyValue></Property><Property><PropertyId>206</PropertyId><PropertyType>0</PropertyType><PropertyName>Version</PropertyName><PropertyValue>5</PropertyValue></Property><Property><PropertyId>8201</PropertyId><PropertyType>4</PropertyType><PropertyName>Included Interfaces</PropertyName><PropertyValue></PropertyValue></Property><Property><PropertyId>204</PropertyId><PropertyType>0</PropertyType><PropertyName>Maximum Instance Count</PropertyName><PropertyValue>;h:1</PropertyValue></Property><Property><PropertyId>8000</PropertyId><PropertyType>4</PropertyType><PropertyName>Title</PropertyName><PropertyValue>Bid</PropertyValue></Property><Property><PropertyId>4</PropertyId><PropertyType>0</PropertyType><PropertyName>Height</PropertyName><PropertyValue>16</PropertyValue></Property><Property><PropertyId>3</PropertyId><PropertyType>0</PropertyType><PropertyName>Width</PropertyName><PropertyValue>60</PropertyValue></Property><Property><PropertyId>2</PropertyId><PropertyType>0</PropertyType><PropertyName>Top</PropertyName><PropertyValue>46</PropertyValue></Property><Property><PropertyId>1</PropertyId><PropertyType>0</PropertyType><PropertyName>Left</PropertyName><PropertyValue>33</PropertyValue></Property><Property><PropertyId>24</PropertyId><PropertyType>0</PropertyType><PropertyName>Field Order</PropertyName><PropertyValue>280</PropertyValue></Property><Property><PropertyId>0</PropertyId><PropertyType>0</PropertyType><PropertyName>Field Type</PropertyName><PropertyValue>0</PropertyValue></Property></Field><Field Id='99999992'><Property><PropertyId>4</PropertyId><PropertyType>0</PropertyType><PropertyName>Height</PropertyName><PropertyValue>0</PropertyValue></Property><Property><PropertyId>3</PropertyId><PropertyType>0</PropertyType><PropertyName>Width</PropertyName><PropertyValue>0</PropertyValue></Property><Property><PropertyId>24</PropertyId><PropertyType>0</PropertyType><PropertyName>Field Order</PropertyName><PropertyValue>410</PropertyValue></Property><Property><PropertyId>0</PropertyId><PropertyType>0</PropertyType><PropertyName>Field Type</PropertyName><PropertyValue>13</PropertyValue></Property></Field><Field Id='99999996'><Property><PropertyId>207</PropertyId><PropertyType>0</PropertyType><PropertyName>Load Factor</PropertyName><PropertyValue>2</PropertyValue></Property><Property><PropertyId>206</PropertyId><PropertyType>0</PropertyType><PropertyName>Version</PropertyName><PropertyValue>1</PropertyValue></Property><Property><PropertyId>8201</PropertyId><PropertyType>4</PropertyType><PropertyName>Included Interfaces</PropertyName><PropertyValue></PropertyValue></Property><Property><PropertyId>204</PropertyId><PropertyType>0</PropertyType><PropertyName>Maximum Instance Count</PropertyName><PropertyValue>;h:1</PropertyValue></Property><Property><PropertyId>8</PropertyId><PropertyType>0</PropertyType><PropertyName>Visible</PropertyName><PropertyValue>0</PropertyValue></Property><Property><PropertyId>24</PropertyId><PropertyType>0</PropertyType><PropertyName>Field Order</PropertyName><PropertyValue>290</PropertyValue></Property><Property><PropertyId>0</PropertyId><PropertyType>0</PropertyType><PropertyName>Field Type</PropertyName><PropertyValue>13</PropertyValue></Property></Field><Field Id='99999999'><Property><PropertyId>207</PropertyId><PropertyType>0</PropertyType><PropertyName>Load Factor</PropertyName><PropertyValue>2</PropertyValue></Property><Property><PropertyId>206</PropertyId><PropertyType>0</PropertyType><PropertyName>Version</PropertyName><PropertyValue>5</PropertyValue></Property><Property><PropertyId>8201</PropertyId><PropertyType>4</PropertyType><PropertyName>Included Interfaces</PropertyName><PropertyValue></PropertyValue></Property><Property><PropertyId>204</PropertyId><PropertyType>0</PropertyType><PropertyName>Maximum Instance Count</PropertyName><PropertyValue>;h:1</PropertyValue></Property><Property><PropertyId>1</PropertyId><PropertyType>0</PropertyType><PropertyName>Left</PropertyName><PropertyValue>;h:2</PropertyValue></Property><Property><PropertyId>8</PropertyId><PropertyType>0</PropertyType><PropertyName>Visible</PropertyName><PropertyValue>0</PropertyValue></Property><Property><PropertyId>24</PropertyId><PropertyType>0</PropertyType><PropertyName>Field Order</PropertyName><PropertyValue>300</PropertyValue></Property><Property><PropertyId>0</PropertyId><PropertyType>0</PropertyType><PropertyName>Field Type</PropertyName><PropertyValue>13</PropertyValue></Property></Field></Fields>